index,longitude,latitude,access,pet,pop,urban,W_access,adj_cases
1858,112.7377,36.33671,-0.532387235713823,0.5721013819666271,0.581230866919499,-0.482501700463786,-1.1522633788225098,0.45943247168209
1548,119.3016,27.09157,-1.03448081923417,-0.267429413760236,1.47318651709207,1.72846434861996,-1.12614631431793,3.60277120657746
1359,124.4795,44.80382,-0.44860974910034096,0.0279465223569636,0.280490076862048,0.579863587602572,-0.152102212338231,0.1713944394502009
183,119.55,26.30194,-0.40678803303081296,0.22209301478989896,1.31675127782586,1.29644939005326,-1.05302023972722,1.5571920129675163
714,114.3525,35.87894,-2.306558968899,0.724397596781535,2.16013505871038,2.27778281811748,-1.3985476172081102,1.9360656807921155
904,98.27083333,41.39583333,0.0646258226973999,1.53190044325714,-1.9746782966754897,0.6813981506175589,0.177203346379248,0.0
461,114.3421,30.62506,-2.35272249569896,0.00964144853750187,2.83353884619919,2.01519539782362,-3.67634792225776,131.92633165102274
19,110.1654,21.10003,-2.03970479375436,1.00583381422841,1.90607884716437,1.56891025759766,-0.769152728527102,0.6359337349566602
731,115.8797,36.45761,-1.34711089421528,0.7029539034212621,2.209447062410609,1.8347688113416,-1.1172545519921298,0.2444773894704352
928,117.3333,39.29713,-1.0416051107412,0.7183839969563051,1.37446892949549,1.65597372304431,-0.8265990760745391,1.0438202639979006
1100,89.52083333,40.77083333,0.216754940438062,2.1943873581852498,-1.9746782966754897,-0.482501700463786,0.649000708181273,0.0
644,117.326,33.10901,-1.09858300978835,0.605606530058205,1.34988942981165,1.16313477244199,-1.64358264884384,6.114535230293923
1780,108.5816,34.001,-1.47142025675327,-0.00012775976212264198,1.44746543196651,1.4534555128074598,-0.99180806378308,0.2783921496197729
1345,85.01233,44.53911,-0.0802812292100811,1.0003552603105,0.17923113798402,-0.482501700463786,0.7804236708064229,0.2386968999165531
1694,86.39583333,33.89583333,2.41089742694699,-0.379741639011226,-1.3057025007314,-0.482501700463786,1.15019246469654,0.0
1986,87.64583333,36.39583333,1.93435174460851,-1.4539112309073303,-1.9746782966754897,-0.482501700463786,1.00787892809263,0.0
756,101.4437,36.82615,-0.913176363471174,-0.256601377541845,0.6370950054389699,0.809681660321228,-0.367135853338326,0.9102677059395348
2130,111.9823,43.67392,0.0771505268676496,0.984074630651037,1.33315959625619,1.08021268323701,-0.433074368331308,2.611708431727238
735,112.9151,36.47742,-0.506532714783011,0.575915809959914,1.06202804018473,1.14079706426477,-1.17371365563081,0.3399613400213645
14,110.4894,19.74837,-1.2645411808225302,1.06216843572568,0.937538581474584,0.987524709107561,2.50945050382688,0.8259857171582271
2317,110.6982,35.62629000000001,-1.58137440159186,0.8873646857965051,2.06720860227855,2.66937478892198,-1.03043925468727,0.12539672388519174
2076,112.4382,41.7009,0.39967087669895,0.7683278554194929,0.0323974831610874,0.4344205528360949,-0.588154886996375,0.9490945242782334
1778,115.3716,33.88942,-0.412420106865561,0.5621124289218521,1.7796200548820502,1.8305112455450296,-1.58370571275905,0.05160607457684148
1622,82.02083333,35.14583333,1.9416027071333104,-0.7206360418862091,-1.9746782966754897,-0.482501700463786,1.90296351257316,0.0
564,109.3445,30.95521,-0.12520582312847,-0.188594940431041,1.15531423025176,-0.482501700463786,-1.13002517833951,5.7391478822600375
1978,87.02083333,37.02083333,1.00778207987639,0.0636947808129956,-1.9746782966754897,-0.482501700463786,1.0997143530900602,0.0
1546,109.2523,26.92336,-1.07455627570153,-0.418257958039004,0.8937704436383341,0.862264909934175,-1.08422072035815,0.1220825792508601
712,114.3093,35.72307,-1.78494982292828,0.7185257504604109,2.4845450057681497,2.41528600916121,-1.4201368277433202,1.9319617411201453
1659,84.52083333,33.89583333,2.46542088133535,0.12863379087822902,-1.1745711242343602,-0.482501700463786,1.38668552837818,0.0
675,117.5145,34.3568,-1.51267946241703,0.742970854015518,1.54447829928595,1.86147874164405,-1.34806688466198,2.576995380626585
224,105.2156,27.06873,-1.5451884865485002,-0.476379628753243,1.23737378470313,0.7712962928771869,-0.505349354816047,1.4350311186498081
1398,124.699,46.35607,-2.00043200518421,-0.0128630250065639,0.8445304336374492,1.16313477244199,-0.0598938129225901,0.4680477683701802
24,107.9967,21.88401,-0.117713231432339,0.198851285967424,0.329066840514276,-0.482501700463786,-0.650792543599146,1.4267642385673707
608,117.326029,31.8947345,-2.1670369414796102,0.36097136377688105,3.26132139898521,3.1663057586805,-1.82753503775579,1.3083379457356616
663,108.7872,34.10727,-1.26078440412447,0.13438689479509,1.9546166038429496,1.93150543898632,-1.00491909394549,23.80534608845904
61,103.4879,23.33841,-1.69068830766804,-0.128619988625002,1.27488709476246,0.748943890062091,-0.267061804444812,0.12382489210014988
1576,121.0784,31.12558,-0.8514619383018559,0.0435524662689427,2.3571806775586404,1.4453797498438798,-1.42886957112571,0.09386939013057233
1753,90.14583333,35.77083333,1.78911725327747,-1.162769225391,-1.9746782966754897,-0.482501700463786,0.654597261960683,0.0
1743,89.52083333,33.89583333,2.0820821755755703,-1.66216227256275,-1.5805208590338502,-0.482501700463786,0.7238752621929321,0.0
1705,87.02083333,33.27083333,1.93272461289597,-0.257120124510554,-1.19952344209386,-0.482501700463786,1.04537097022147,0.0
1319,121.5555,43.84315,-0.9306731562690992,0.810006154485223,0.5830885985431821,0.8654461425253008,-0.28339421093836104,0.4247570495865627
1851,103.519,36.12968,-2.4530311637227697,0.2595072543065089,1.37233216724032,1.79518356908375,-0.517745509749977,1.9763201844565503
1956,85.14583333,36.39583333,1.87915163534881,-0.397984779051122,-1.9746782966754897,-0.482501700463786,1.39645209970152,0.0
699,105.1839,35.20822000000001,-0.36690561058670096,-0.7040642569524459,0.860713718306332,-0.482501700463786,-0.62174159289946,0.1467571754857181
679,119.1325,34.534,-2.18336724881272,0.3870981468725129,2.1596168628598504,2.0333233404875704,-1.29353610640692,1.2300195406175736
1647,83.89583333,33.27083333,2.01945114256917,0.38725060444330106,-0.999599945763914,-0.482501700463786,1.44420590671772,0.0
1516,102.4916,24.36679,-0.562671293109308,0.102276330993078,2.15694091215373,1.9425572309776,-0.216513575551378,0.07253786975499064
59,116.5856,23.33433,-1.45317156795405,0.4647125232019061,0.517431074695707,0.630703903832442,-0.9128740620310092,0.8089029203586204
633,116.734,32.75738,-1.78233012232226,0.4776015390591989,1.74783162351103,1.6249892658376002,-1.8075710863718304,1.1249903672699804
1267,82.0969,43.46793,-0.8923615093666,0.783755512817014,0.6094069557849799,1.22128786690955,1.06508154374344,0.2035700993071492
2170,88.27083333,45.77083333,0.913328688071475,0.650779719357491,-1.9746782966754897,-0.482501700463786,0.7929623496732929,0.0
486,117.8965,30.94467,-1.29031450742771,0.183743408864357,2.37529023573419,2.20003403760425,-1.75997634908319,2.455576925213747
710,119.1358,35.58324,-0.544196315548694,0.463736784529501,0.9252074520704742,1.0209915537712702,-1.19642697355315,0.9443111391886291
1768,107.8716,32.51348,0.44763609751112,-0.6312623568157789,0.5201666136622121,-0.482501700463786,-0.845056020102152,0.4104357127809361
981,121.9994,41.08577,-1.40751336332443,0.362695887064328,1.84948380608455,1.98266147988862,-0.559305811147466,2.5047256403545624
1055,85.28061,41.37629,-0.719464170631082,1.47005241925076,-0.279387013835302,-0.482501700463786,0.922333188065815,0.5025374055865701
186,107.1928,26.43055,-0.63064254696841,-0.567265964298458,0.84374698713663,0.70832659922455,-0.779014033275702,0.8348875867348191
93,117.7956,24.39413,-1.5032065922041002,0.41152456456912,2.21409054482519,1.88798412841873,-0.937177557213043,0.1727139207636028
874,96.39583333,38.89583333,0.13207943501981098,-0.0831486824595688,-1.9746782966754897,-0.482501700463786,0.108032683082239,0.0
191,118.2433,26.58755,-1.94358984507523,0.387619490647026,1.56339324028047,-0.482501700463786,-1.31308687773603,0.8834579131693391
1538,118.8683,26.61637,-0.927750176919605,0.283609760722851,0.8310102082361249,0.57069318701904,-1.1475710794301102,3.5471773197916145
1879,101.7543,37.42092,-0.192827435201486,-1.28107044130752,0.13434098521389698,-0.482501700463786,-0.301473082300457,0.4879511146175821
931,108.6337,39.42306,-0.0646486848571338,0.941342459014881,-0.21100725591703892,-0.482501700463786,-0.54937399308126,18.861849478020414
2025,90.77083333,37.02083333,1.48244742526012,-0.0885481477676782,-1.9746782966754897,-0.482501700463786,0.623668834313768,0.0
1870,104.7303,36.72572,-1.18059362308906,0.4040521688155971,1.21953255118093,1.31601750655422,-0.4794649806996471,0.42133015509953
297,105.8705,29.29301,-1.60786173928873,-0.602463301114658,2.00353303851666,1.34433736043513,-0.6929582091315191,0.3874125466620253
1683,85.77083333,34.52083333,3.16635182501141,-0.669874203553749,-1.3057025007314,-0.482501700463786,1.2395865368409098,0.0
2018,90.14583333,36.39583333,1.75068691621048,-1.4177776598178,-1.9746782966754897,-0.482501700463786,0.694275409286798,0.0
140,119.0789,25.39559,-3.38152352421382,0.52880230026986,2.62276347238746,2.56177300747622,-1.00880426593576,0.7910250858774265
336,102.6656,29.92197,0.481698999404937,-0.409524071552341,0.340846643319471,-0.482501700463786,-0.286144912009771,0.3560057049914225
1639,83.27083333,34.52083333,2.19281527226423,-0.40203795724533503,-1.48357729233856,-0.482501700463786,1.66288761641126,0.0
1621,82.02083333,34.52083333,2.01777113706796,-0.5721013819666271,-1.9746782966754897,-0.482501700463786,1.87387733864751,0.0
896,97.64583333,41.39583333,0.416785883186392,1.3393779885323702,-1.9746782966754897,-0.482501700463786,0.217354287018999,0.0
313,106.189,29.56476,-0.5917781245795419,-0.544167033719868,2.11186264019554,1.3637406104123702,-0.740180145191845,3.1078682807725904
1526,116.7403,25.29473,-0.937413635780545,0.14290049663951998,0.63539334965636,0.87076775411688,-1.2054250191948002,0.3505933353959908
2013,89.52083333,37.64583333,1.6746926517363998,0.0645497894836628,-1.9746782966754897,-0.482501700463786,0.739880197886942,0.0
1836,111.6319,35.49273,-1.2496095054275,0.618262033930034,1.09385568829782,1.42844100919847,-1.1215567099679098,0.16365318086039227
92,117.4428,24.37045,-0.182193049976432,0.344432796418747,0.898805500559799,0.424276930696636,-0.918097358186039,1.3074603871281252
35,109.0235,22.1822,-0.8091320185760151,0.654166847723453,1.30573466926463,0.741101476062378,-0.786357445407604,0.510841003930283
286,117.4692,28.77693,-0.6853721056866879,0.372875152103284,0.7709088873126709,1.20376463647974,-1.7979337869852,7.907834958832742
182,117.3972,26.30083,-1.5872004326757898,0.374445730762848,0.717434049609154,0.809681660321228,-1.3050056674476,2.8552007258158185
453,113.375,30.29059,-1.76376370425897,-0.0344608895149685,1.65122691036405,1.31601750655422,-2.839588327458629,9.366285095083473
72,116.7739,23.79656,-1.57699237762187,0.313542988769702,1.46771456855266,1.02384701098344,-0.8826614764320161,0.3652977766683549
2307,121.4995,49.32259000000001,0.489178476809166,-1.42307055380041,-0.3606252239554579,-0.482501700463786,0.25403116795891395,0.9227099240768324
629,118.1027,32.54543,-1.03277598733791,0.340919847440188,0.7944400752653029,1.38354059211676,-1.49544519802064,0.296164146757109
1816,106.1453,34.415,-0.549638379103931,-0.951546676771494,0.45755986798696,-0.482501700463786,-0.7471878934871659,2.4227837720645025
656,118.5202,33.78681,-1.23149602582385,0.38194445298838,1.38122566280435,1.30374900100023,-1.31493650290922,0.32941477981998474
1127,92.02083333,38.27083333,0.220273814034394,1.22248349950575,-1.9746782966754897,-0.482501700463786,0.5115896040273239,0.0
327,106.7437,29.81392,-0.577082738484165,-0.523242791355655,1.50755403905567,0.7252963130786991,-0.7636026251895609,3.0635057563193384
1568,105.8098,30.14745,-0.7671631153604649,-0.73043155029623,1.93790633612655,1.69015588481631,-0.665089611579658,0.8899283127981217
767,116.6525,37.24178,-0.8380647244563091,0.85797732028841,1.26457817690643,1.44155109189774,-0.980797016065816,0.8252184397418129
790,112.3157,37.96001,-0.883367708872442,0.476548302042909,0.463665207189485,-0.482501700463786,-0.9504238622797472,0.5023197229455568
460,116.5956,30.61122,-1.28263207496319,0.357175343852541,1.6753470411156002,1.68958502535851,-2.17769165058335,13.683121605166994
1551,105.6869,27.22752,-0.640918771685744,-0.790485264733596,1.08926015626645,0.5438020836164961,-0.60034723458971,0.14970758833145373
739,114.5421,36.55381,-1.9473745332578896,0.672812312615759,1.9439201308663,2.0540979821778897,-1.28489589998655,0.5946595564343877
1614,81.39583333,34.52083333,2.01345728839236,-1.6711283165851798,-1.9746782966754897,-0.482501700463786,1.96526814582189,0.0
2315,111.1603,35.62573,-1.7533123161715098,0.6923787686582621,1.67530983638889,1.4501825063298202,-1.09197203510529,0.3061842911766681
1110,90.77083333,40.14583333,1.33958555910634,2.34488017747823,-1.9746782966754897,-0.482501700463786,0.5735631095676801,0.0
1998,88.27083333,38.27083333,1.12105174474964,0.5780391586078559,-1.9746782966754897,-0.482501700463786,0.904992719482446,0.0
1873,106.1527,37.07805,0.0952916870459047,0.410481919050799,0.291577904540061,-0.482501700463786,-0.5492466752935,1.6539668715604272
499,101.39583333,31.39583333,1.7089534854727,-1.78853384317876,-0.0997408181117243,-0.482501700463786,0.220026904329813,0.0
472,102.7093,30.66507,0.3399197923549069,-1.19525350266444,0.0464899686124924,-0.482501700463786,-0.19918148657169,38.621033501769745
60,116.1185,23.33707,-1.7913829183611,0.526447610582139,2.452137656469,1.86820487343799,-0.93437150243789,0.2419368287387081
1695,86.39583333,34.52083333,3.04789067202493,-0.8911794314875721,-1.3057025007314,-0.482501700463786,1.13076840957883,0.0
1441,127.6804,48.03987,-0.356174617588123,-1.0101640065144102,0.0244528863086705,-0.482501700463786,0.109317608929452,25.02357637010096
1141,92.64583333,39.52083333,0.336721243348259,1.6969556985199898,-1.9746782966754897,-0.482501700463786,0.476713471247152,0.0
620,121.0053,32.1975,-1.35996343044481,0.060622616091037,1.60405505826566,2.31313908950557,-1.42382303781246,0.9927673794012558
1104,90.14583333,40.14583333,1.08200678195629,2.13187843407059,-1.9746782966754897,-0.482501700463786,0.606981446251122,0.0
580,107.6465,31.370140000000006,-0.9234154521848208,-0.4073665679095471,1.42846481303605,0.748943890062091,-0.8134963817402941,1.0895744447577809
2014,89.52083333,38.27083333,1.54947852032468,-1.62909998477942,-1.9746782966754897,-0.482501700463786,0.7241361376810358,0.0
1575,121.7257,31.10622,-1.0918585354088002,0.0570208637905357,2.43707584493658,2.48870879830993,-1.4161215670625902,0.4429836811456621
673,112.0323,34.2936,-0.17760672925651105,0.5454267221206079,0.880307077189272,0.508746016463396,-1.27046985286794,1.122237861120259
293,119.9524,29.11746,-0.15242519016039802,-0.0550511857082278,0.8091880470024749,0.926667293716922,-1.4281988131784902,1.872136693487572
889,97.02083333,42.64583333,0.525407557162174,1.43266894644404,-1.9746782966754897,-0.482501700463786,0.38219879357510106,0.0
1708,87.02083333,35.14583333,2.50159060899184,-0.23445698755991295,-1.3057025007314,-0.482501700463786,1.01841971477678,0.0
1948,83.89583333,36.39583333,1.10342637071396,-0.873521964221499,-1.9746782966754897,-0.482501700463786,1.4339017433764398,0.0
568,112.6079,31.06988,-0.6600144679148,-0.0185581705993995,1.23277644302196,1.40794446957889,-2.281166870060221,35.059634713116886
2052,106.8838,39.74473,-0.124240134249976,1.23837767034123,0.932138627342498,1.5008973028732198,-0.393782219391536,2.08351526789408
1735,88.89583333,33.27083333,1.7957818346996,-0.477356077304913,-1.41152458344682,-0.482501700463786,0.774603458685867,0.0
303,106.7477,29.37342,-0.339905289597649,-0.491569018066257,1.20367355150302,0.33648444656269,-0.73068009748647,0.8699561460544001
202,110.8759,26.91525,-1.6629939321963,-0.324369176404934,1.2709297964352,0.8342875488784691,-1.5250987269909702,3.2349902784644557
1361,132.2899,45.63347,-1.24603140293828,-0.710180931532804,0.219855687365782,0.5555696937946,0.21346494074911695,0.2652680629106422
741,116.9669,36.5767,-2.2049982953121,0.9043700255283308,2.2797269196405296,2.14011960848198,-1.07783788758676,0.2918524642015592
1834,112.8594,35.46545,-2.28115420281962,0.7099754408473371,3.05938957310328,2.93500971731546,-1.38968665903119,0.17457538628895827
662,113.7089,34.07273,-2.54928011771025,0.576702331288484,2.1237891154723103,1.98022414658504,-1.70743618117662,1.271871216679955
451,107.4326,30.25976,-0.432269786700819,-0.458950866096169,1.77600095701761,1.20974785953723,-0.843316550688129,2.21311551534272
4,109.0491,18.65009,-1.2655263588903798,1.23356885663222,0.8180681825949859,0.533876704524804,2.69153218329882,0.8598553938191446
1578,121.3757,31.20946,-2.3028561727510497,0.223332532334163,3.89427806352378,3.52115839399848,-1.4277435702132202,0.1630509938926193
968,120.1972,40.62562,-0.9525527852609372,0.42303851078618,0.350733369158699,1.02384701098344,-0.626364210632333,1.2819220989136746
1841,103.1937,35.58106,-1.4596682241353998,-0.21421011010552105,2.45538549418196,1.97957617350245,-0.457866235404328,0.1672099596940392
595,117.2001,31.82562,-2.4441608799194503,0.330565027173194,2.8174489659792297,2.80566639724859,-1.8305238139324296,1.0235297494918931
1155,93.27083333,40.77083333,0.941229709934745,2.3035717330290297,-1.9746782966754897,-0.482501700463786,0.42242137611466496,0.0
1843,112.7069,35.61116,-1.84834440602137,0.638703184619598,1.02843658734526,1.09303581095662,-1.34946031992704,0.2837695018373189
17,110.3326,19.87541,-0.948202077870666,1.08424378582965,1.53674899222209,1.2435926075381398,2.49187520130296,0.6390778745348337
199,117.8621,26.90625,-0.705946825036481,0.301559435423334,0.557066642377674,0.35182415548232804,-1.4617593394378603,0.6282065527440258
106,118.5443,24.72969,-1.5545453354863,0.38482218739194296,2.55595527269941,2.5370657608136,-0.9612870084502758,0.33904252695176185
2108,125.4418,42.67554000000001,-2.23364468523127,-0.363548803901515,0.8550395946937059,0.956714377346832,-0.27317018293974804,1.1504020340545964
1719,87.64583333,35.14583333,2.59528859768233,-0.374524039197238,-1.61884379626369,-0.482501700463786,0.890887769586861,0.0
880,96.39583333,42.64583333,0.926403779838066,1.10954185423735,-1.9746782966754897,-0.482501700463786,0.4048393211188111,0.0
2238,123.4396,45.94814,-1.37357184215586,0.26115457471055603,0.293453194112297,-0.482501700463786,-0.0909134759627211,0.0919364599544317
1788,108.85,34.316191,-1.86603234835675,0.24399787129710895,2.64612493881333,2.7810607580626403,-1.00695445244209,0.12150175562443018
897,97.64583333,42.02083333,0.5522193640282729,1.28934472802259,-1.9746782966754897,-0.482501700463786,0.299974354457098,0.0
317,106.3637,29.62567,-1.14587646747959,-0.5165571873057079,2.34585781563692,1.7752423774965,-0.755670225247851,2.150438458441391
1552,118.9601,27.32212,-0.6884801493366278,-0.0674260777131643,0.3963026980280711,-0.482501700463786,-1.22091800109516,0.6886857433334951
328,106.0291,29.81456,-0.931891065617,-0.621839912611334,1.91042736974624,1.23814273101104,-0.7130919373807509,2.2055223917630036
288,118.674,28.9356,-1.25597021393253,0.168982827760254,1.42832532519249,1.62169997279437,-1.5899719697479702,1.1465505370215794
2140,123.6956,43.75948,-0.519690739852637,0.314194867718188,0.3897387851847829,0.801160336052041,-0.245977777957151,0.24905584485813315
64,113.5364,23.34983,-1.27992583813524,0.202380231375598,1.49421452301452,2.01634398247666,-1.0338430216168102,24.25987404790121
650,109.9016,33.6493,-0.7087771690663391,-0.196031774212488,0.697941963583291,-0.482501700463786,-1.1857721725486798,0.8222470449469014
1996,88.27083333,37.02083333,1.9741690644557,-0.0785480040448701,-1.9746782966754897,-0.482501700463786,0.870456114327291,0.0
196,106.8782,26.82942,0.232417134745001,-0.749589596323202,0.658331400978732,0.634567133576527,-0.7369502127354759,1.008952721263726
262,108.5408,27.973740000000006,-0.779494191155859,-0.474683426084024,1.02700235444421,-0.482501700463786,-1.04128278797131,0.4881958067946788
1664,85.14583333,30.14583333,1.8804066323501296,-1.80975839176481,-0.85869587623886,-0.482501700463786,1.34183418942718,0.0
464,113.1135,30.645570000000006,-0.6081553030985529,-0.0479739347900726,2.36737994475362,1.80923677257213,-2.6523513494969,9.597211150295099
220,114.8248,26.97535,-1.74244485093643,0.120853129544531,1.20053788405698,0.97944185322724,-1.75974026043351,0.9984219678056208
703,114.084,35.26547,-1.45812084687632,0.7613527782149071,1.77915248159059,1.9738455073653,-1.50727285070196,4.105884055412922
82,114.9579,24.04653,-0.566245689006498,0.32470584689361104,0.782598576344402,1.09182575276652,-1.05726289534591,0.2518104185459003
10,110.3056,19.48603,-1.05280864453407,1.05011010288866,1.13549158535987,0.8363446283672521,2.5206640866073102,1.9485637030382827
1561,108.7954,28.90145,-0.543947649457996,-0.6729725319548621,0.762010141254805,0.44139226695598,-1.09877111702948,0.2294350219942148
1117,91.39583333,38.89583333,0.467048974467157,0.414968478526415,-1.9746782966754897,-0.482501700463786,0.5971109073314399,0.0
189,108.5576,26.50835,-0.94901780923826,-0.476154752113736,0.702709422984505,0.598194504920787,-0.901186031061338,0.2985260927197789
236,118.7543,27.60811,-0.188529328801238,0.112533332940034,0.600480410160697,-0.482501700463786,-1.31012172083683,2.510806274818732
1458,117.4943,49.53241,-1.0734921406962,-0.47347341779064,0.495057952225524,0.424276930696636,0.220872936696824,2.9420791949490632
1934,113.3478,38.22273,-0.438435009035802,0.47679366921646,0.506397335721578,0.696040249396712,-0.917256336519291,0.2962446729190339
1849,107.6714,36.04074,-0.128977735131016,-0.0466492268151091,0.422788326474181,-0.482501700463786,-0.722198534106244,0.1553276962970751
676,111.1065,34.36358,-0.280110915663782,0.259002343143583,0.517237693897595,-0.482501700463786,-1.15592166263174,0.601185628236727
165,111.7296,25.77932,-0.7713403006743341,-0.284640681967805,0.703089870097937,-0.482501700463786,-1.32380346916527,1.5940406371296532
567,108.8523,31.03847,-1.04868776925649,-0.24021083620925304,1.3403878482843898,0.79172244506495,-1.03396758694288,4.473067937514968
12,109.9864,19.69168,-2.3055163931098,1.09460122929022,1.19561810348686,1.1241247164613102,2.51019542406975,3.475055885957353
736,119.0713,36.55315,-1.13992325092336,0.7981730155560741,1.85323904186896,1.6297238948758102,-1.05048213547998,0.5917824455557509
1995,88.27083333,36.39583333,2.22358553550904,-1.0098144631419,-1.62003142053064,-0.482501700463786,0.917172964772716,0.0
574,118.1285,31.14997,-1.66950381334222,0.127690693138574,1.54327390842452,1.44731505665755,-1.6844706280138702,2.2818169423767065
791,113.4968,38.06465,-2.08931201402825,0.649438226045667,1.66626373219897,1.8833394982509,-0.9516356948515552,0.6327649028246131
302,115.4418,29.3255,-0.827852784966287,0.36677766630025,0.8727948445278771,0.40336117726822895,-2.30944687656638,8.773769062633445
249,117.9998,27.74553,-0.6088251890505529,0.368955158443618,1.76430463070885,1.49843856797035,-1.539471777258,0.8385553054739057
1563,119.054565,29.091674,-1.32687910750496,0.19722731614343494,1.1385107952885,1.31041841515102,-1.54863788709962,3.0599150491084486
1726,88.27083333,33.27083333,1.98295673100346,-0.708467469124145,-1.16264345658424,-0.482501700463786,0.854297897718524,0.0
1131,92.02083333,40.77083333,1.4939642147014298,2.3290583109632403,-1.9746782966754897,-0.482501700463786,0.501688111346443,0.0
689,113.1311,35.11887,-1.36255643020457,0.652534446399046,1.79952697823809,1.52372270460502,-1.50681839946234,0.7682134946641925
117,109.371,24.95009,-0.660547849252584,0.0829746950544623,0.6114560091806441,0.452153170866968,-1.01657476244785,1.880314459089352
771,112.962,37.32883,-1.20887426235977,0.321552201053051,0.310728437327488,0.424276930696636,-1.06453469221217,2.1507814281816
330,119.4715,29.90166,-0.8589338575846429,-0.108360325802206,0.836284493031069,0.5656144706796171,-1.29943521767165,15.286608271051021
43,114.1291,22.65389,-1.74417569061672,0.482711650136901,2.96938845087198,2.73063800301404,-1.0179524076195,7.483299351049119
831,103.89583333,40.77083333,0.8332254945461371,1.85531837460199,-1.9746782966754897,-0.482501700463786,-0.0730661100361964,0.0
808,101.39583333,40.14583333,0.875950544776747,1.80856291092761,-1.9746782966754897,-0.482501700463786,-0.0226203328401624,0.0
315,106.707,29.62085,-1.68579319590691,-0.4868221836047261,2.25261149240587,1.19525656559354,-0.7667327465697751,10.402205563096581
1947,83.89583333,35.77083333,1.83383371865331,-0.450001001711044,-1.9746782966754897,-0.482501700463786,1.5820770628172498,0.0
465,107.7139,30.661240000000006,-0.888251587741805,-0.412115595601024,1.6832119464215702,1.44731505665755,-0.866392050088098,0.3433235970099089
442,108.2932,30.09428,0.38257887752220704,-0.8381555167868909,0.80667884895926,0.662228148838726,-0.9648267755279808,2.8299353310646027
668,105.0565,34.10804,-0.335427343288622,-0.4707037282663,0.7467030060857349,0.809681660321228,-0.572767401021482,0.35045315235348456
1746,89.52083333,35.77083333,2.1366362174355302,-1.00635607506622,-1.9746782966754897,-0.482501700463786,0.7193415180941801,0.0
1501,108.860978,19.361245,-0.329496080741032,1.20002075214138,0.7325370975920992,0.390074972033105,2.59495858595126,1.188362624769952
762,105.4777,37.0548,-0.37781623189051,0.518680483739244,0.59994940810084,0.55942392024932,-0.528752164948473,0.21758568286206767
452,117.3658,30.28525,-0.7898737975342449,0.13492561009398102,0.532217064708424,0.781245674195324,-1.86210031741752,1.009292906736762
354,90.14583333,30.14583333,1.6927686263641502,-2.09240139447579,-0.346778502220752,-0.482501700463786,0.8259957607578491,0.0
773,122.1156,37.43303,-1.1285159039114,0.32932677587498105,2.32666963532863,1.79174212022169,-0.9688016376815708,0.6497001532277205
312,106.5376,29.55234,-2.7605481289580696,-0.430770688198855,3.600699764425109,2.7799715705874,-0.761997675665018,1.025068549679627
90,111.3626,24.36175,-0.8332448642260321,0.0858091749288585,1.4275396402372598,1.2204513188284298,-1.06584606124652,0.2857203827831684
0,109.5792,18.29187,-0.625079970513078,1.34674292900211,2.0673635451006103,1.28466374157391,2.65590400051434,1.3590440399282893
683,117.5912,34.71065,-1.69051686492378,0.7398116385064599,1.62571265066203,1.77758582106921,-1.2727942951691298,0.08946134207668849
446,106.3081,30.11512,-1.17472403020202,-0.586260770592099,1.7905286821351103,1.1658588188419898,-0.722026828629038,1.7093047914026245
307,106.4452,29.41508,-1.85756384942646,-0.4511221709961621,2.20547477020679,1.8370087806845,-0.75713379013876,1.194047048588088
935,122.2224,39.59944,-1.36607447907875,0.114834140478332,0.963373111137154,1.45908208988843,-0.452841306920158,1.1838261123355365
181,119.3006,26.22387,-0.29496236411102,0.201267272786533,1.43538527521786,0.579863587602572,-1.08026308582885,2.6724780072110965
1533,119.324,26.01712,-2.21137248383179,0.497390387717471,3.10028364542896,2.8879255375434303,-1.08839335882046,0.9347421455370152
11,109.4028,19.57117,-1.04853753595075,1.10163890358704,1.0573549024002802,0.872836517760749,2.5638435458571003,0.9647393786716624
810,102.02083333,40.14583333,1.14151499077347,1.88145427779103,-1.9746782966754897,-0.482501700463786,-0.0342445138384699,0.0
341,112.5689,29.99747,-0.151506629533723,-0.066273667662776,1.24962662784742,1.29565666263219,-2.2716707078373,19.361304827974717
977,108.0604,41.03795,-0.601274539608817,1.04459045663612,0.618332511761297,1.2264800972069,-0.448382605226288,2.153104140331792
719,117.0385,36.00093,-0.732075953965486,0.835597432089352,1.4286804398418302,1.5357955140413002,-1.13627566802972,0.9039016916520158
723,103.6554,36.35126,-0.170310596399948,0.126545327072116,0.481326664338567,-0.482501700463786,-0.5026506702140929,18.32595109299981
1385,130.9703,45.91117,-1.50765592669132,-0.7121316515283119,0.384092168850084,-0.482501700463786,0.17005262437698498,0.06633396864691805
192,107.9382,26.6305,-1.19910654482816,-0.46050779496342,1.42922614553393,0.527079186041072,-0.877997034683899,0.10873701212845836
364,91.10946,30.03105,0.306773686259832,0.235193380888168,-0.0541759147297958,-0.482501700463786,0.835070871348404,0.09475152360449957
1876,107.7436,37.37923,-1.17496058502524,0.374900930671461,0.319265925528312,0.618672716007348,-0.5857269318382049,0.3015621011075528
3,109.9475,18.56796,-0.523365743431955,1.26934164514,1.1132801646103898,0.613657208031641,2.63448568321682,1.8581314688016335
227,118.1433,27.341520000000006,-0.605944419156736,0.243377423853144,1.79385462009065,1.28905060376928,-1.45787980681579,3.3051149309452312
1821,111.2388,34.88375,-1.02642681504184,0.586488357985996,1.11641223587273,0.867631680423366,-1.1749955262245,0.2909625222086237
1842,117.0194,35.60996,-1.79814373627774,0.7906099960781591,2.57612584039444,2.40356067149236,-1.18797734454952,0.10056124487781873
1717,87.64583333,33.89583333,2.1235806295583,-0.613000843745226,-1.19614150133699,-0.482501700463786,0.9454406262709252,0.0
263,107.0848,28.17143,0.185005161328317,-1.0151088276691,0.5365202714981121,-0.482501700463786,-0.783892540571997,1.8956505581456744
2062,111.4963,40.5971,-0.596034502458707,0.6913759340472111,0.766307814897493,1.37944031153544,-0.655620617644015,1.3791837214945353
1502,109.209979,19.6964266,-0.970694367555875,1.1798299709348,1.63713040540874,1.9558870732497,2.55563130245162,0.9494156532087246
2319,126.3363,44.06026,-0.759481645298287,-0.341297069280871,0.923364300511527,1.3615118969458202,-0.214855953538658,0.07352178928508148
1369,127.9588,45.64657,-0.683054054263816,-0.493026656179395,0.444249103058458,-0.482501700463786,-0.0500523625411115,0.7202517459915176
1758,90.77083333,35.77083333,1.658807232548,-1.7896869678723002,-1.9746782966754897,-0.482501700463786,0.624433726717167,0.0
764,121.9821,37.12174,-1.4291331944575605,0.264337943973417,1.22642821758858,1.56259793916583,-0.989066380455172,1.2332482177957462
1637,83.27083333,33.27083333,1.9114275664228304,-0.35617366603995004,-1.2160201728823798,-0.482501700463786,1.52875784216907,0.0
287,106.7179,28.88242,-0.7256962572102059,-0.46843150709279,1.2568658053801298,-0.482501700463786,-0.691109194815864,2.7702628443525352
605,104.7008,31.8534,-0.16685333573427694,-0.77208452629612,1.08467104715666,0.8051359886674879,-0.467503176884455,0.6271007876385893
684,106.1281,34.73969,-1.02431959862238,-0.5859519505458989,1.16272434474341,1.39845407541736,-0.725738045167803,0.513793261794044
720,103.8756,36.07809,-1.81769579070409,0.206168039398575,3.17909153567284,2.77975412833054,-0.5267071556070471,1.1940778892936466
1741,89.52083333,32.64583333,1.74177893128719,-0.45657451028158,-0.906514874000274,-0.482501700463786,0.7595726179510022,0.0
1084,110.2561,41.56212,-0.36805767351173496,0.7583565319112529,-0.0705799065219909,-0.482501700463786,-0.532449282680751,10.29551340829754
1968,86.39583333,35.77083333,2.27607537883097,-0.665597420789273,-1.14723393280798,-0.482501700463786,1.15997981723278,0.0
198,119.9801,26.86626,-1.89496041545352,0.202221887275446,1.59540955999501,1.1287206364841398,-1.03922172348386,0.35045487948185244
180,104.8908,26.13623,0.0832890918824128,-0.32799272772847304,0.655982460451323,0.527079186041072,-0.457233057732829,0.6530361248020059
222,119.4745,26.976740000000003,-0.9357298327451608,0.0018935833150737894,0.591841109430237,0.496990331553416,-1.0876100615951898,1.4174369550619332
1779,113.6136,33.90335,-1.35755151984009,0.536010486559452,1.79481508193592,1.52242723366252,-1.66976275396484,7.0701379467311165
2204,114.3278,44.48038,0.0817049502403684,0.29612501828544896,-0.955881355851808,-0.482501700463786,-0.323196281540072,35.29500569924725
724,118.1603,36.35919000000001,-0.850976860856313,0.7807442544279241,0.499035995185928,1.01682721796086,-1.05821273159851,31.22062780732923
483,111.1349,30.74933,-0.466692794656905,0.0258970603887528,0.462082574403618,-0.482501700463786,-2.00254278150096,18.34757425056092
1119,91.39583333,40.14583333,1.47760432110084,2.5254400821165097,-1.9746782966754897,-0.482501700463786,0.536891241353338,0.0
989,117.5457,41.35324,-0.7743234648810241,0.265708465707879,0.285310488597911,-0.482501700463786,-0.6639574747806379,0.5713567437236462
1950,84.52083333,35.77083333,2.03890177542285,-0.644016512042646,-1.9746782966754897,-0.482501700463786,1.51540606795057,0.0
102,107.8409,24.64574,-0.538343046820102,-0.0439132761841538,0.6063161846686089,0.598194504920787,-0.856659287786575,1.69937308427548
942,118.3354,39.72276,-1.78039003962699,0.6274022542252989,2.02547786181033,2.18832955209827,-0.785319989711169,0.906434245595668
130,118.2574,25.21145,-1.5719493851088402,0.440523857801737,1.71546275053168,1.52242723366252,-0.990928125784278,3.5365311339283485
2083,114.1498,41.97032,-0.591587872737554,0.36942896991639,0.270759570052448,0.699550670648917,-0.6010083701766371,0.6297378342358154
298,111.5202,29.30245,0.0369061877167361,-0.0846322567872607,0.985221476516947,-0.482501700463786,-1.88126832673712,2.639704751187272
628,110.4419,32.46032,-0.7385754887682601,-0.11201906264988,0.41679172099760897,-0.482501700463786,-1.48647569814554,15.005842057705125
1572,121.2152,31.015390000000004,-2.171595658547,0.10539584123507,2.92410316637171,3.1987958506227403,-1.42106283166461,0.18497394237391165
1620,82.02083333,33.89583333,2.12080484365387,-0.19957270126673105,-1.9746782966754897,-0.482501700463786,1.81933336360194,0.0
260,118.5128,27.9424,-2.96146481606857,0.21529338463413894,1.46780854066726,2.45687566375882,-1.5020512430118,0.18588654112896566
660,116.3187,33.96738,-1.70840346704405,0.6984920045323101,1.73677699224778,1.46007514637808,-1.5655347870448797,0.34944242529816394
455,114.7554,30.32797,-1.10932513074628,0.15943723899420906,0.585588608421313,0.53952676357942,-3.08193866075832,20.120525082950593
1570,121.5517,30.91111,-1.33122722249257,0.0638456612947824,2.24715378690633,1.7687059209721898,-1.4104987943193603,0.33324866734378633
2145,125.1516,43.86477,-1.95644960354279,-0.176675777843965,2.252264804766,2.13787162696078,-0.281096479001592,0.3847260164656723
575,111.5727,31.17298,-2.10486023191324,-0.0444978917472214,1.0243410576166,1.5669601525478405,-1.9420773822229,0.11992662589211354
708,119.3701,35.46201,-1.29794671955915,0.43768995792881693,1.493307675528,2.04282763468041,-1.22985845551156,0.11313367408253185
323,107.3324,29.66086,-0.4639979209362721,-0.46297479582176,1.5477716857226398,0.867631680423366,-0.820330273244395,0.3980919453061477
1750,90.14583333,33.89583333,1.9846215825441496,-1.09998299272308,-1.9746782966754897,-0.482501700463786,0.679477967855591,0.0
659,117.2092,33.860859999999995,-0.919334709821236,0.7515005321368671,1.15657161322327,1.35652472813445,-1.41916208600603,2.3463661753718066
695,115.6914,35.15343,-0.951002529811365,0.6523538030390711,1.7171976912679898,1.43045662613343,-1.29155869732762,0.4216036286897317
1569,112.19028,30.3502800000001,-2.66241371978373,-0.0974751372041589,2.95253809253766,3.1356012285056605,-2.3598267391409102,0.0939221931333015
46,112.9444,23.0131,-0.512398093640237,0.277881022401053,2.13943944986048,2.18598443830068,-1.03450495879246,1.3894827273402164
707,116.7332,35.37464,-1.57009983111322,0.7690390701966949,1.7848341909609398,1.76425285751616,-1.18356356110046,1.4496513207086503
1963,85.77083333,37.02083333,1.7114547253943,-1.07625413572803,-1.9746782966754897,-0.482501700463786,1.2703369427323,0.0
618,107.038,32.01936,0.280196334873681,-0.531617089567146,0.926463716082315,-0.482501700463786,-0.629114187224875,0.44090131250809467
1944,82.64583333,35.77083333,1.78506204921363,-1.05304479452388,-1.16359662264583,-0.482501700463786,1.68258867109236,0.0
1074,121.6189,41.47081,-1.40179857031462,0.3859623750636049,0.6710585504197409,0.390074972033105,-0.552363218191057,1.3848438596416683
1783,108.9538,34.24815,-1.82963274210289,0.261820311830737,3.73236871995804,4.3351670831803,-1.00855388443089,0.468490808832545
1087,125.9505,41.96159,-0.501590051453564,-0.7193115630177,0.3006012137631681,-0.482501700463786,-0.24838598014262095,0.28838987427102697
678,107.2001,34.38244,-2.11312690990615,-0.0178143032519017,2.34264678918179,1.78183325129968,-0.9104961263555792,1.1483399534832606
1819,109.2917,34.661120000000004,-1.63121484762972,0.290613657725553,2.05690078640147,1.84164094305142,-0.9839086488110608,0.08957239593730963
1977,87.02083333,36.39583333,1.75629107615805,-1.38616727067466,-1.9746782966754897,-0.482501700463786,1.1447291350828102,0.0
444,116.2425,30.10472,-1.00836606080043,0.486524266416376,1.3033257687015902,1.44400624291873,-2.38188562020997,0.31456393672572625
372,91.39583333,33.27083333,1.8219018117510104,-1.8194166570518704,-1.6110454110939898,-0.482501700463786,0.614882052625765,0.0
1863,104.1535,36.56493,-2.56819468953156,0.37476876786064295,2.4429980468128902,2.43933708216593,-0.474879433740394,0.34105874012048754
2149,116.1236,44.07095,0.0009513627427616393,0.206932480580068,0.14824052112969502,-0.482501700463786,-0.405532641188367,1.333561427902564
686,117.3919,34.916509999999995,-1.32078553766343,0.766245495217112,1.50374777096088,1.46996487895596,-1.27551658089824,0.9576634926107284
2034,92.02083333,37.02083333,0.5070255848991321,0.457815567687892,-1.9746782966754897,-0.482501700463786,0.506282576940429,0.0
971,115.0351,40.87393,-1.39269123069011,0.519411396354998,0.7454589646744009,1.02384701098344,-0.721819626225609,1.1030374049942009
795,104.52083333,38.89583333,0.993965423724817,1.40802218076095,-1.9746782966754897,-0.482501700463786,-0.26710908097039004,0.0
1077,120.0166,41.51421,-0.464704362984132,0.575743469330894,0.41240737867576704,0.662228148838726,-0.4959431038943,1.0686737150645738
2063,109.8294,40.63648,-2.5654883974718903,0.94443829834561,3.1841416617679,3.76358185192885,-0.5851962770964481,0.4620576099203769
818,102.64583333,40.14583333,0.7779864878966659,1.8827147170914096,-1.9746782966754897,-0.482501700463786,-0.0491662444675628,0.0
67,113.4305,23.35183,-0.9007775222215908,0.18840915487286106,1.86557543045904,1.60478280197445,-1.03800127412179,2.4161570840366617
814,102.0499,38.42935,-1.70019516148458,0.839537218207903,0.7744768704931959,1.00184978204034,-0.272886068186184,0.1060551667160707
609,117.3384,31.89544,-2.33188217411096,0.347121182630331,2.88706045709201,2.7987236921176297,-1.82678433866977,1.635422432169577
569,109.8962,31.11774,-0.833709830371134,-0.0979656986845987,1.82901440601112,1.00342648384082,-1.29268351783384,1.503758489941836
1554,109.2596,27.52676,-1.48548007700437,-0.429209197726284,0.7735084135043431,-0.482501700463786,-1.10455442685493,0.3444056521703099
316,114.1753,29.62495,-1.54210938944289,0.0848337441382928,0.980175550473606,0.634567133576527,-2.72249445144599,11.03459704313453
681,113.468,34.62931,-0.7246042055741819,0.711067821109899,1.4530531963959097,1.54315401835626,-1.60973837796258,3.1771700022285763
1630,82.64583333,34.52083333,2.20593312779477,-0.7198967796368358,-1.6410896188533202,-0.482501700463786,1.81162881033382,0.0
565,109.5958,30.956670000000006,0.101857580271807,-0.177431271457393,1.04585481998204,-0.482501700463786,-1.16987956687129,0.3873042162058009
1666,85.14583333,31.39583333,1.6523041621808,-0.11021016771985903,-0.8449092853158431,-0.482501700463786,1.26587194351073,0.0
2012,89.52083333,37.02083333,1.82163798984356,-0.0889650057141245,-1.9746782966754897,-0.482501700463786,0.725405644717266,0.0
691,118.5051,35.12195,-2.02124241590296,0.517480299774362,1.80956583408421,2.5985581608662005,-1.2167471159538,0.0899092287665027
873,96.39583333,38.27083333,1.55114784078472,-2.09309434404698,-1.9746782966754897,-0.482501700463786,0.0904370733195799,0.0
1853,110.7157,36.15275,-0.536682356079902,0.5885108861280329,0.461965576819567,0.5162815892765911,-0.947168151589608,0.2868119046300225
1612,81.39583333,33.27083333,1.7666892681616797,-0.291118218213717,-1.9746782966754897,-0.482501700463786,1.88110772058128,0.0
1423,132.2524,47.2681,-0.848070589635874,-0.816503403634399,0.3401247787598829,0.881741468749958,0.277401378520154,0.8236581810312139
566,116.9416,30.96895,-1.86811827302644,0.256422190096667,1.7498992533371398,1.47479485942377,-2.0540933450268,0.12430765491977455
2163,87.59035,44.34183,0.201178333500732,0.8931154713908,0.164902483062157,0.488879266421631,0.7041843861846491,0.21684700657615652
269,117.1077,28.22466,-1.51937475735239,0.344306915173246,1.6463675494801102,1.65597372304431,-1.92202271523406,1.256712343400075
197,106.7064,26.84311,-1.27732178459384,-0.697298694698516,1.5004984814311,1.37888512336469,-0.7312879322714699,2.6252814383741985
1987,87.64583333,37.02083333,1.7666675416658,-0.175804536158289,-1.9746782966754897,-0.482501700463786,0.984530637822993,0.0
195,112.5737,26.79602,-1.58532190763986,-0.130552543727372,1.84215040452212,1.45908208988843,-1.75986902390042,1.2621557708623707
947,113.7186,39.9064,-0.0591992749898103,0.349637458655128,0.17723375175828798,-0.482501700463786,-0.770490244107955,0.2900403234602197
1693,86.39583333,33.27083333,2.24717160242882,-0.871972710719742,-1.3057025007314,-0.482501700463786,1.12678300750029,0.0
1720,88.04576,31.76117,0.431017689280992,0.0214196492732278,-1.53130696433855,-0.482501700463786,0.900658927228637,0.38767484741360303
145,119.3656,25.63143,-1.05696342975046,0.479832470620378,2.0321727179598703,1.73272820416993,-1.04398532430194,0.4729977414357846
6,108.8407,18.99376,-0.222546405962531,1.2266942575313,0.623571597596345,0.8301839421370859,2.62722325810256,1.1028114972923393
393,92.64583333,32.64583333,1.74975821663053,-1.58193679834505,-0.421768685820735,-0.482501700463786,0.576491004581516,0.0
1752,90.14583333,35.14583333,1.7397650674898602,-0.67066817921838,-1.5567394966443702,-0.482501700463786,0.6336579034853801,0.0
670,108.8962,34.27251,-1.7784122671481202,0.244120091707948,3.58899654905986,4.1291393807166,-1.00793199790889,0.8396588728393051
632,119.4729,32.73976,-0.885108080886482,0.20999612417637806,2.03005059961401,2.02117620340932,-1.5145437013706002,1.5391287761562569
1941,106.8807,39.55261,-0.899128873845727,1.2179014666198,0.8661761593371708,1.51462130806234,-0.4086401231294229,0.2327939110424628
8,109.7462,19.1987,-0.680354290775778,0.810398952532514,0.418827177973376,-0.482501700463786,2.59363838601837,10.917300595078173
113,118.5449,24.91283,-1.8259711083815,0.21454627179301106,3.1685352189965896,2.90955915471744,-0.9670671269730772,0.2127091454363552
865,95.77083333,39.52083333,0.557776194451496,-1.38205279966576,-1.9746782966754897,-0.482501700463786,0.28425387060720697,0.0
2096,121.9557,42.2807,-1.06120865339813,0.53566811510197,0.487861498772569,1.0821530900816,-0.477454693002273,1.3963841505162475
646,116.1808,33.43671,-1.81807682914199,0.592557748682242,1.87737614628318,1.54673650515546,-1.70924198481738,6.179598695874584
804,116.7593,38.26855,-2.04628784270769,0.906783367975321,1.993762843028,2.1905862077603,-0.8800042952528749,0.9916235461392424
2058,110.6803,40.52088,-1.1262932964316,0.5689496043440451,0.6683695702866801,1.29283061430034,-0.6210499003522929,1.0461995167865985
950,116.3591,39.91093,-2.53326317103558,0.650616197465676,3.86065609838236,4.285825555263971,-0.8323972643192041,1.052641593958485
913,98.89583333,42.02083333,0.575181257308125,1.33190772643159,-1.9746782966754897,-0.482501700463786,0.24323736093288,0.0
1111,90.77083333,40.77083333,1.21566719784361,2.4337146440787403,-1.9746782966754897,-0.482501700463786,0.579634300393075,0.0
1613,81.39583333,33.89583333,2.00828850283584,-0.293470640588232,-1.9746782966754897,-0.482501700463786,1.93254302168131,0.0
682,105.7378,34.64971,-1.95318123660299,-0.090426421528491,1.50356369185641,1.26958273848189,-0.710817186271698,0.29358072892058257
1508,114.122,22.407,-2.86928990635148,0.26131509646488604,2.79562606070938,1.2720181036453602,-1.01506157775132,0.08493530159570074
2270,124.4603,49.09651,0.706479645384886,-0.667261063635913,0.0639952040011444,1.16500381448094,0.203389935829916,0.1221668085455988
976,111.8479,40.95981,-0.15518626521588094,0.461943998902535,0.6449442963535489,0.4836299453357629,-0.651598987295439,2.8365747355448074
267,116.6081,28.21876,-1.5134391614563605,0.256931481250924,2.1481768377753703,2.60692781358949,-2.0839990232978303,0.0729217550479857
1573,112.20472,31.0336100000001,-1.10352702515672,-0.0191012458608955,2.60767498082646,2.36857783473708,-2.1825543342439,1.5067837050445785
1810,107.271223,34.345903,-2.41114783293879,0.0200094264030101,2.53121970845528,2.67635902564304,-0.91327550170266,0.2955444094265367
592,116.3151,31.75941,-1.4761513452716202,0.229291715632952,1.46623956295627,1.44018514373818,-1.9589513851764,3.7186011709910174
1629,82.64583333,33.89583333,2.28349922241619,-0.735899888547381,-1.45322402849807,-0.482501700463786,1.69883716767555,0.0
1830,106.5993,35.20198,0.00230654302322491,-0.483798785321504,1.21016128690078,1.45529521820763,-0.7802814002274069,3.6940763836047656
2075,125.9869,41.24388,-0.0412488141080978,-0.901372720765026,0.18129430610739,-0.482501700463786,-0.21510339190353894,0.6533655061397982
1326,115.5438,44.24353,0.281672512442076,0.19229808379408106,-0.475912852104271,-0.482501700463786,-0.363892544903493,22.88232567377276
1565,113.5115,29.49117,-1.40642070299819,0.012899530824175,2.05278550813148,1.5765653566084998,-2.54864302239401,0.15396983307553008
1707,87.02083333,34.52083333,2.65754936989829,-0.374524039197238,-1.42698259151274,-0.482501700463786,1.01623065250904,0.0
626,117.1614,32.2842,-1.26855049675864,0.366885035375734,1.11536415762724,1.16137727045245,-1.74054017933959,0.14162155798761078
1352,129.8858,44.6065,-0.9328565187951892,-0.622493304711624,0.267962503550331,-0.482501700463786,0.0225610116843629,0.07451010999741263
945,116.2499,39.8306,-1.97570877361824,0.74361441573964,2.54484678086482,1.92022301440624,-0.8328747183656791,1.0842763996737683
952,116.1737,39.92715,-1.95675902105277,0.760529957937195,3.15103397608577,3.08394791471526,-0.832139260042935,0.34032542555301554
1312,124.6729,43.78353,-0.957260637473968,-0.122439002875596,0.586343125484495,0.699550670648917,-0.272677731367127,2.064984747345083
1648,83.89583333,33.89583333,2.52499431010809,0.0155690684988549,-1.3057025007314,-0.482501700463786,1.47611723528682,0.0
1872,118.0657,36.80833,-2.31652392702319,0.8136665581845309,3.04777386467904,3.47942520917602,-1.03103676845129,0.1468073215380379
905,98.27083333,42.02083333,-0.14114802732623802,1.22687824881091,-1.9746782966754897,-0.482501700463786,0.263272160291061,0.0
743,103.2668,36.60351,-0.4516343156014179,0.0352918332002954,0.39225566768279707,-0.482501700463786,-0.4658855511500379,0.26141343302334596
1000,80.77083333,35.14583333,1.94507012401137,-1.00094995479489,-1.9746782966754897,-0.482501700463786,2.02801905850689,0.0
1638,83.27083333,33.89583333,2.52854883464472,-0.15112908600066102,-1.5166031177796102,-0.482501700463786,1.5761409623149898,0.0
1874,111.6247,37.11185,-1.08944349860083,0.719211096059085,1.25956975482293,1.62637499927095,-0.931080065575121,0.11658586173456008
1503,114.225,22.315,-2.44588325771267,0.434608816129097,4.63050000493246,2.47991903906254,-1.01247620427122,0.7112200067965962
1628,82.64583333,33.27083333,1.86468083888872,0.251511867517122,-1.3057025007314,-0.482501700463786,1.60474193986778,0.0
920,99.88059,38.92575,0.549314687142201,1.00171831217666,-0.18154993228316105,-0.482501700463786,-0.116167524656341,0.17558316381327566
441,107.8793,30.07034,-0.24865419735246,-0.396671374027544,1.24522701328873,0.648037218027031,-0.886155558715754,14.153031055549743
1822,103.0791,34.99238,-0.531241428595292,-0.7709355006262429,0.078162766792526,0.641660438088216,-0.39307243069037295,1.016951791877002
1624,82.64583333,30.77083333,1.7033985266266,-1.9038036768218705,-1.0348427918987602,-0.482501700463786,1.66805490645169,0.0
232,113.9029,27.51356,-1.78938864844318,-0.105079256443782,1.45920354924692,1.3659065179549,-1.80521581761942,2.3087092743951207
37,112.6714,22.28417,-0.721516712691356,0.53137535684908,1.27330178230308,1.05644788186148,-0.992584239532381,1.2678336018443643
309,108.7029,29.43689,-0.143259068435031,-0.49850604811088,0.8905848790479342,-0.482501700463786,-1.02976458408573,0.3060635785871799
1765,115.6979,32.13325,-0.9097546430262428,0.227811700826813,1.5500019680126398,1.6168239841451002,-2.15051257159203,0.14845120854128874
144,119.0533,25.60338,-0.713112797418312,0.315527800828877,1.0672576434715,0.35182415548232804,-1.00945707267304,0.5708091415797535
779,117.1328,37.66758,-1.34107558429802,0.8975435769496851,1.7974764225408402,1.7460895541210602,-0.9193705517976192,0.09007693358301158
1507,114.133808,22.3650193,-2.99131111283196,0.420559798093167,3.9128956647019,2.39104127171673,-1.01380999043179,0.19755670510235254
319,104.9131,29.6418,-0.381891660204665,-0.8568833942879192,1.90822036170947,0.721940260863161,-0.580233415248697,0.3818190900848052
792,114.4384,38.13361,-2.01241922338804,0.8284058186317851,2.29251257164361,1.99396105262453,-1.08176056870778,0.483680031148994
40,110.182,22.44296,-0.62142843514964,0.767396506646237,1.59710948410772,1.0358292014851,-0.751628021457116,0.3932715879064339
310,105.5027,29.466,-1.4641048633024,-0.728020736380925,1.67056665725588,0.926667293716922,-0.652733237084072,0.4103164637532077
95,98.08459,24.56039,-0.542953321154276,0.488800834690933,0.486605366781065,0.35182415548232804,0.321495212999354,0.42078569104231417
651,113.8999,33.65542,-1.4594696470888102,0.4692514688374861,1.70604104562641,1.59884027127211,-1.78569019054766,1.4141028909833797
1536,106.6603,26.3924,-2.00412377326498,-0.399036985686318,2.08528109662786,1.80215410707024,-0.741464672969167,0.1795543282019699
1742,89.52083333,33.27083333,1.8362418466728,-0.5436961956161679,-1.3057025007314,-0.482501700463786,0.7204410390825879,0.0
2005,88.89583333,37.02083333,1.89194643000856,-0.436535299082742,-1.9746782966754897,-0.482501700463786,0.7911893505040759,0.0
1787,108.1799,34.31159,-2.20739115460514,0.0437123180607065,2.15539870903177,1.88119297686032,-0.966732220817201,0.13532230050617305
137,102.8739,25.39236,-0.4852633797883401,-0.26211780633533804,0.84080715218157,1.02750741488956,-0.253385731734436,1.1993864822515259
1558,106.936514,27.9135627,-1.23934545183502,-0.6022061925808729,1.14607814983719,1.05966677804313,-0.8009844947211658,0.18422338559290224
2064,123.0077,40.7196,-1.00852538801773,-0.0705270584255494,0.6195672907130619,1.18773912188142,-0.494627989463686,0.2954313571704175
70,110.9909,23.481720000000006,-0.624908012182986,0.481886423800063,0.827611994855522,-0.482501700463786,-0.7646105374480658,0.2738637887781711
951,116.4106,39.91129,-2.8523545852545,0.6432924297243671,3.7275693113545496,3.33176433885838,-0.832087665834647,0.21409203745326105
277,105.666,28.44237,0.0448157342532772,-0.62277578524849,0.654537449260731,-0.482501700463786,-0.599768273523855,0.6760986179980832
1668,85.14583333,32.64583333,1.89915373359826,-0.483665426681177,-1.19872590592802,-0.482501700463786,1.28087571286294,0.0
207,100.5235,26.94233,-0.1932458182838,-0.0365291628097372,0.35178860068687795,0.374227561816086,0.14441790726076198,0.5817098780154386
778,112.3012,37.62392,-3.0850574006410896,0.747144448386521,2.16596931726291,2.31941182761081,-0.963795515638048,5.51326268101565
2019,90.14583333,37.02083333,1.79258745888918,0.0557229540814362,-1.9746782966754897,-0.482501700463786,0.67551814237478,0.0
713,115.2794,35.80833,-2.510020149434069,0.621048445592506,1.9501887289746,1.55362590960313,-1.24150684124065,0.5325149466128805
1505,114.18612,22.319751,-2.60385591268183,0.483793655983942,4.285422910778951,2.8170640818626804,-1.0130323645564598,0.6308892650347072
109,116.8144,24.75887,-0.9413434089962428,0.33753668631788003,1.00971753658384,0.8342875488784691,-1.06415690728195,0.6248071070767085
13,110.771,19.74459,-0.5222410609957979,1.0315149105040502,0.9388022715848492,0.699550670648917,2.51501776502931,1.4499650479128492
1838,108.1031,35.56590999999999,-0.5720346459424991,-0.0750516901036616,0.840013145713402,1.11764140319325,-0.789512286199645,0.3044603730077231
153,115.2745,25.71368,-1.5714629645628402,0.0850947669649917,1.01860221830557,0.6454102914384,-1.35627254727982,2.494737218191588
1738,88.89583333,35.14583333,2.29618045897383,-1.22819645342952,-1.57000715835775,-0.482501700463786,0.7320868712045241,0.0
1970,86.39583333,37.02083333,1.6800766706222,-1.3267961576370702,-1.9746782966754897,-0.482501700463786,1.21536151499803,0.0
2091,116.4853,42.18977,-0.702981913596175,-0.0635667621474971,0.804825560449775,2.3240750567905,-0.56765232899952,0.7097792497810774
1129,92.02083333,39.52083333,0.869699624917832,1.91347694195479,-1.9746782966754897,-0.482501700463786,0.5246643466206989,0.0
15,109.7128,19.80185,-0.8024025198032909,1.11639083937816,1.24711529246959,0.8028725318223359,2.52088286473531,2.397134824600896
1771,112.0444,32.68081,-1.77670675572584,0.0351639941385239,2.9781404075098403,2.6914143897849305,-1.87305947915811,0.04544947370645685
462,105.4711,30.63331,-1.88365128037884,-0.8252396599607009,1.5659744956462902,1.35133221933217,-0.600647718218204,0.5085514888822821
716,106.1836,35.95574000000001,-0.0976021050031121,-0.7430009201385049,0.5772891519175529,-0.482501700463786,-0.656141039575119,0.17054852883773094
68,103.036,23.44225,-1.19953740526435,-0.3532047665251121,0.6871395075364161,-0.482501700463786,-0.20940628195969,0.4610822450411505
879,96.39583333,42.02083333,-0.0797273497222061,0.5551204411046421,-1.9746782966754897,0.390074972033105,0.345189300638336,0.0
76,106.2863,23.98862,-1.01573708878762,0.35203943921933395,0.345962941165243,-0.482501700463786,-0.626247649780314,0.17176126072192832
2066,111.6267,40.7253,-1.34048145815785,0.709869771596514,1.99714396265359,1.91932975912013,-0.665601913245478,0.2274420811632753
2126,124.3406,43.18539000000001,-1.7352235102167402,0.06597643337848999,2.91856056307804,2.84257433655419,-0.342837014808568,0.6961728506685739
1118,91.39583333,39.52083333,1.27804426363736,1.9382818174027496,-1.9746782966754897,-0.482501700463786,0.561798707051175,0.0
87,116.0807,24.20478,-1.5788304053554498,0.450803943762642,1.19432969769485,0.452153170866968,-1.04466215069425,1.0186658581006418
1535,118.7675,26.2097,-0.20774325330696106,0.2253679571693,0.7550061084336941,0.40336117726822895,-1.11937743351486,0.3998131623115873
45,115.5411,23.0011,-0.963041234193552,0.448219404983761,1.2169591742821,0.741101476062378,-0.884413913244422,0.2644898709471266
1584,117.0201,31.72762,-0.391997351118444,0.238661309685994,1.17860877181657,1.3659065179549,-1.85024748092789,0.16398041131001592
963,122.4655,40.39262,-0.9085957506393292,0.177695486354579,1.01880193492206,1.4185612348393997,-0.5305420507112589,0.2319159884331901
1772,109.9065,32.72665,0.337609919008258,-0.0101205710375773,0.653014583936985,-0.482501700463786,-1.34816875459969,0.3963725961860038
1755,90.77083333,33.89583333,1.82672083841602,-1.7555065338272,-1.9746782966754897,-0.482501700463786,0.6346284754863821,0.0
954,116.2285,40.02186,-2.00239303454213,0.7914959426083341,2.73481943184092,2.39159864226071,-0.8302124294772869,0.8467215892625541
1994,88.27083333,35.77083333,2.48826052397902,-1.10978677148826,-1.64953150288113,-0.482501700463786,0.8464846868923621,0.0
2105,125.7108,42.53434,-1.72699584535151,-0.416500685765005,2.1113102393757,1.4019814174662302,-0.290558164647073,0.13234457597749086
878,96.39583333,41.39583333,0.632937709856358,0.752887072429804,-1.9746782966754897,-0.482501700463786,0.261076656586746,0.0
400,93.27083333,29.52083333,1.72776667341871,-1.79398119612966,-0.6156170990857329,-0.482501700463786,1.0859631922358,0.0
456,107.9107,30.338520000000006,-0.33788043841157506,-0.40109822057588107,1.3412752416725702,0.44139226695598,-0.901014866009115,4.854831989625831
1785,108.0477,34.2851,-3.00146867713466,0.0471653962670612,2.53370376506236,2.65253973695444,-0.973201995900182,0.1993399977262781
1895,96.39583333,34.52083333,1.70658031943591,-1.75901099364449,-0.571309899029654,-0.482501700463786,0.16992302941418394,0.0
2024,90.77083333,36.39583333,1.6520719228941203,-1.3510494178208798,-1.9746782966754897,-0.482501700463786,0.6492710402746479,0.0
1530,118.6935,25.46516,-0.232201500979488,0.44588479026481503,1.37054071351827,0.704788655701907,-0.965030243681526,0.5251582387932258
1187,118.8826,43.22626,-1.3786172324359598,0.4774225536895251,-0.0713728376667859,-0.482501700463786,-0.387838904079101,1.4251769307055595
1763,117.1894,31.92046,-1.9569447615193,0.312843325800807,2.17982750810741,2.16364360107858,-1.81640479514592,0.6335362827219015
1607,80.77083333,34.52083333,1.68897611151986,-1.57484875589479,-1.57707088920326,-0.482501700463786,2.10816956136449,0.0
2147,125.013106,43.8880385,-1.5343046622846002,-0.155889143653662,1.12137957937567,1.18773912188142,-0.273463791352608,0.35571123850760905
2,109.4197,18.39084,-0.7378504493813671,1.16083373342148,0.871804956545502,0.716921367950996,2.67451519297807,27.500755017473363
259,120.4404,27.90538,-1.24800732337204,0.0997676838147302,1.4169931043945,1.21215141292392,-1.18038960394124,11.878103433103178
2109,125.3049,42.81178,-1.8484955214358,-0.30978768551507,0.702920119585056,0.4669071842304289,-0.284747913707872,13.178662509896865
481,119.8686,30.74578,-0.18313953935447894,-0.0819720269522189,0.759280909394187,1.3369390419483898,-1.3495737225659998,0.2741858667604748
1749,90.14583333,33.27083333,1.8402709458933,-0.934676152630615,-1.3057025007314,-0.482501700463786,0.6784554299719189,0.0
1669,85.14583333,33.27083333,2.40848459533544,-1.32065965340036,-1.3057025007314,-0.482501700463786,1.28152875115583,0.0
281,111.9523,28.57683,-0.8668858152022049,-0.162931856576374,1.33707228061689,0.908073082529765,-1.85212042572193,1.601838429966072
265,119.5133,28.20076,-0.91999635238066,0.139715930392366,0.630048450695156,-0.482501700463786,-1.26006857795913,2.3924618759798233
1737,88.89583333,34.52083333,2.21917418337549,-0.3987109026418621,-1.59369795474769,-0.482501700463786,0.7570791050463709,0.0
938,112.6405,39.61984,-0.0109534368635561,0.253626985447466,0.4908711121581429,0.811767255389805,-0.7803679978291841,0.1662345779766405
687,109.8585,34.95553,-1.0258088438974,0.5204508142964871,1.5061454500638798,1.50129154345935,-0.9574489687777672,0.5568744585701064
39,114.164553,22.3888136,-2.92047046570948,0.220797732767224,2.74044188885009,1.17789213539352,-1.0139015161374,0.365740201019958
864,95.77083333,38.89583333,0.707686551801243,-1.3016580759719198,-1.9746782966754897,-0.482501700463786,0.204838583539045,0.0
1564,113.1163,29.37227,-2.80571743661951,-0.0523552193731863,3.24058597767993,2.70942823941282,-2.41846211152842,0.1541549528974724
607,108.7309,31.88474,-0.374402807646009,-0.579382416444075,0.661104873808604,-0.482501700463786,-0.8227340784281759,1.0367490271973288
2141,125.25924,43.8296097,-2.40149217309068,-0.23988679673095606,2.8600951168623703,2.76946832582878,-0.28152363053317303,0.1194028692360224
111,113.7723,24.82198,-0.262528753893681,0.266270996516237,0.83398425356368,1.02750741488956,-1.22327649947346,0.4391436322761787
570,113.8795,31.12046,-0.920616572592485,0.0008167499964393982,1.58734885969292,1.65147760173383,-2.99947160308675,24.6958264973942
1728,88.27083333,34.52083333,2.5818882282935696,-0.4412077384123549,-1.62331776012733,-0.482501700463786,0.827093505436634,0.0
573,104.4301,31.13417,-0.8007038139585041,-0.987702125558842,2.31564878784366,1.8628224124172497,-0.426754705048497,0.25887159006454075
38,114.1324,22.38074,-2.92047046570948,0.220797732767224,2.74044188885009,1.17789213539352,-1.0139015161374,13.532387437738445
1626,82.64583333,32.02083333,1.8390318494526496,-0.37118328350532703,-1.3994575594220802,-0.482501700463786,1.58691139366341,0.0
2318,118.2886,36.84829000000001,-1.88131635215407,0.9661643508965648,2.1604651219655504,2.21970180017928,-1.01507685082534,0.05480321398928762
1706,87.02083333,33.89583333,2.13240637065787,-0.159548149089376,-1.50425779458983,-0.482501700463786,1.04304957341251,0.0
1506,114.187767,22.319558,-2.60385591268183,0.483793655983942,4.285422910778951,2.8170640818626804,-1.0130323645564598,0.6308892650347072
2020,90.14583333,37.64583333,1.49843618203972,0.193692670370808,-1.9746782966754897,-0.482501700463786,0.6979956076564661,0.0
1523,98.49303,25.2764,-1.28983212259683,0.299683348458493,0.98623962315435,1.7441019787191798,0.265364971602809,0.2171860546734672
2040,116.152,39.60332,-0.6989625499224972,0.7029539034212621,1.580249905251,1.75410964183357,-0.8334040109273821,0.11330306913937398
1682,85.77083333,33.89583333,2.47060042835033,-0.185558158467686,-1.3893650868833998,-0.482501700463786,1.23735684771887,0.0
48,108.4629,23.05898,-0.6730454815610319,0.4853124964915829,0.516135270001165,-0.482501700463786,-0.813610709329631,1.6972210165952728
966,124.4043,40.54612,-0.228898023215304,-0.512999234230896,0.299611241772731,-0.482501700463786,-0.340834711453504,1.7226917375737545
289,106.2579,29.03267,-0.332069680732326,-0.511012111984512,1.32645199806943,0.876120839130463,-0.7128272420011491,0.7595570975092105
52,100.7214,23.19205,0.11701947320957,0.6098159952487939,0.148504002952142,-0.482501700463786,0.128283194402414,0.19703301123909134
1764,114.8834,32.08258,-0.490485174204191,0.17037615942275,1.62025223107485,1.42844100919847,-2.41634341897357,7.818657569073131
1391,122.0687,46.1087,-1.96051790519315,0.189087303661622,2.32687514089073,2.15827041543378,-0.107670182783625,0.5587438390852665
697,109.0307,35.19603,-0.6485072426912629,0.0610843178905165,1.1547975387433798,-0.482501700463786,-0.9226543354767348,2.8334286136950864
1500,108.9977,19.21995,-0.8217617564872051,1.26834150635483,1.04796638674398,0.8654461425253008,2.5917976673057,3.8468641520497098
1784,108.9863,34.27348,-1.96745567227175,0.257959698081893,3.7742265390203102,3.62616852061185,-1.00866768636687,0.7614738945927382
852,94.52083333,38.89583333,-0.41407996117846296,1.0170814742983,-1.9746782966754897,-0.482501700463786,0.37988339572599,0.0
2003,88.89583333,35.77083333,2.42481344751708,-1.47830269990562,-1.9746782966754897,-0.482501700463786,0.7832724085377859,0.0
1509,109.9982,23.30914,-0.8564818031121991,0.619892385323672,2.00636486077217,1.80783168204328,-0.8622893141511669,0.3704216892085628
2060,116.989,40.52377,-1.21280620518441,0.42684892903488,0.542289280941831,-0.482501700463786,-0.7941248912569859,0.1233823132841958
285,121.1116,28.775,-1.20116919959768,-0.027243576061547998,1.64580049344364,1.35400950596344,-1.22121604804274,4.0805391558093165
594,117.3428,31.79444,-2.2747389753916805,0.319241880109234,2.66941076748212,2.4870963123616803,-1.8239843660411497,42.81587753920819
576,106.2033,31.19703,-0.6913978192027521,-0.653031325479481,1.49688639491935,0.496990331553416,-0.603496814813234,0.43805974241918666
44,113.8738,22.93336,-1.9211287859786697,0.34392446331263604,2.55751665083416,2.65161765457178,-1.02710923039754,1.4565336739381307
1144,92.64583333,41.39583333,1.43183693597148,2.43548212996807,-1.9746782966754897,-0.482501700463786,0.487633540212475,0.0
487,100.01,30.94506,0.715297429834729,-1.50844302473174,-0.265446935515747,-0.482501700463786,0.3607114830233421,3.4257346992253286
1619,82.02083333,33.27083333,1.7729375658671698,-0.0709341690347359,-1.3057025007314,-0.482501700463786,1.76098619813423,0.0
1766,108.4337,32.44509,-0.7516691972969181,-0.17996732114988398,0.84054025482523,-0.482501700463786,-1.0072120066758798,0.3101969993287143
579,108.3787,31.27337,-0.472944751473099,-0.312637289886176,1.35494380837693,0.476005696527296,-0.916846486795483,2.7905322747547063
1854,120.4195,36.18703,-2.8806691949664103,0.4810205453014261,2.632579170525,2.49032778126266,-1.1312354090745602,0.0636248019976279
331,118.0713,29.90755,-1.37209660364317,0.0039651258537341,0.883862265441142,0.809681660321228,-1.6542414202853502,1.1521088512442657
1539,104.8231,26.64881,-1.12566542813254,-0.464112798137017,2.17308857189269,0.7442823105442341,-0.491840710658483,0.10363990470569864
596,117.224844,31.828313,-2.4227474570519303,0.340794117608871,3.2603901601270096,2.98101625603956,-1.82986633987438,0.5117648747459467
2073,107.4299,40.92462,-1.46222839964823,1.10564900859472,0.50400281655244,1.19181431481843,-0.42024273812897706,0.40965096713472704
