"longitude","latitude","cases","raster_value"
82.0969,43.46793,1.2857142857142858,146.13302612304688
84.78366,45.65789,3.0,302.85137939453125
85.01233,44.53911,1.0,413.9972229003906
85.28061,41.37629,1.6666666666666667,179.10955810546875
86.03285,44.30077,1.0,54.58528900146485
87.45765,39.56335,1.0,1303.046142578125
87.59035,44.34183,1.0,598.7105712890625
87.78531,43.73043,1.75,90.42020416259766
88.04576,31.76117,1.0,834.1827392578125
88.6086,44.35416,1.0,569.3475952148438
89.83591,42.39688,1.0,1130.7503662109375
91.10946,30.03105,1.0,695.0150756835938
98.08459,24.56039,1.5,222.69639587402344
98.49303,25.2764,1.0,91.79830932617188
98.96988,24.97854,1.75,251.4579620361328
99.88059,38.92575,1.0,990.0494995117188
100.01,30.94506,4.428571428571429,1255.997314453125
100.037,25.73038,1.5714285714285714,603.948974609375
100.2712,37.8007,2.0,707.3169555664062
100.5235,26.94233,2.0,355.5986328125
100.7214,23.19205,3.0,534.8143310546875
100.9477,21.93139,2.8,285.7898254394531
101.4437,36.82615,1.875,142.70181274414062
101.4838,25.01087,4.0,175.72994995117188
101.569,25.35525,1.0,105.50968170166016
101.7307,26.80846,1.5,165.59713745117188
101.7543,37.42092,1.0,355.7856140136719
102.0499,38.42935,1.0,54.97119140625
102.0762,27.89271,1.6,622.4189453125
102.2032,24.14295,1.8333333333333333,151.92352294921875
102.4916,24.36679,1.0,217.1682891845703
102.6656,29.92197,1.0,898.0029907226562
102.7093,30.66507,38.666666666666664,729.7239990234375
102.7657,34.33256,1.5,1917.984375
102.8739,25.39236,2.375,240.02105712890625
103.036,23.44225,1.3333333333333333,102.04344177246094
103.0791,34.99238,1.0,226.02366638183597
103.1088,36.27566,1.0,191.6078948974609
103.1373,23.30956,1.0,46.4955940246582
103.1937,35.58106,1.0,74.79155731201172
103.2668,36.60351,1.0,250.9058837890625
103.2798,35.63012,1.0,292.9776916503906
103.4879,23.33841,1.0,55.69406509399414
103.519,36.12968,1.25,15.915900230407715
103.5687,29.21265,1.5,88.77900695800781
103.6554,36.35126,2.5,366.7755126953125
103.7518,29.92724,1.25,120.33069610595705
103.7711,35.96467,1.0,53.42794418334961
103.8256,30.70291,6.357142857142857,37.066253662109375
103.8756,36.07809,1.4285714285714286,46.859657287597656
103.9368,25.70936,1.6,215.4140014648437
104.0039,27.65652,2.4,112.45777893066406
104.1369,35.13411,1.0,242.95758056640625
104.1535,36.56493,1.0,12.546630859375
104.3416,24.98012,1.0,309.4786682128906
104.4301,31.13417,1.6,162.67494201660156
104.4519,35.12274,1.0,155.15086364746094
104.6208,36.61864,1.0,97.17705535888672
104.6236,35.10665,1.75,307.8049621582031
104.6293,27.132990000000003,2.0,228.76927185058597
104.633,28.57595,1.0,302.5088806152344
104.683,29.28939,5.0,135.61766052246094
104.7008,31.8534,2.0,368.5230712890625
104.7145,23.69131,1.0,92.1619644165039
104.7303,36.72572,1.0,104.39225006103516
104.8231,26.64881,1.0,111.46607208251952
104.8908,26.13623,2.0,512.14794921875
104.9131,29.6418,1.8,275.68093872070307
105.0565,34.10804,1.3333333333333333,293.37298583984375
105.1839,35.20822000000001,1.0,281.2279663085937
105.2156,27.06873,3.0,67.18882751464844
105.4632,25.26714,1.3333333333333333,466.7421569824219
105.4711,30.63331,2.6,42.58491897583008
105.4777,37.0548,1.0,277.19058227539057
105.5027,29.466,1.25,74.39354705810547
105.6275,34.40163,1.0,402.676513671875
105.666,28.44237,2.0,486.802734375
105.6869,27.22752,2.0,196.96810913085938
105.7378,34.64971,1.0,38.47792434692383
105.7388,29.65237,1.25,64.65664672851561
105.7818,32.26332,1.0,261.50827026367193
105.8098,30.14745,1.3333333333333333,169.236328125
105.8705,29.29301,1.5,62.1194953918457
105.9499,25.99582,1.0,359.3459167480469
106.0291,29.81456,1.75,139.55169677734378
106.0543,35.25054,1.0,225.61053466796875
106.1281,34.73969,1.0,125.41349792480469
106.1453,34.415,2.3333333333333335,220.789794921875
106.1527,37.07805,3.0,519.9471435546875
106.1671,37.28727,3.142857142857143,234.2950897216797
106.1836,35.95574000000001,1.0,404.6380310058594
106.189,29.56476,1.8,209.26522827148443
106.2033,31.19703,1.625,185.21080017089844
106.2579,29.03267,1.3333333333333333,294.6404113769531
106.2863,23.98862,1.0,126.6436538696289
106.3081,30.11512,1.75,105.14933776855469
106.3496,38.2349,2.2,128.46040344238278
106.3625,29.431890000000006,1.8571428571428572,90.14494323730469
106.3637,29.62567,4.0,108.83322143554688
106.4452,29.41508,2.0,44.1617431640625
106.469988,29.527955,2.0,17.503049850463867
106.4984,37.44059,1.3333333333333333,330.9934387207031
106.5376,29.55234,1.8,8.629926681518555
106.567,29.6426,1.75,17.49278450012207
106.5993,35.20198,1.4,460.68304443359375
106.6421,35.30775,1.0,544.8287353515625
106.6592,29.540340000000004,1.5,21.08973693847656
106.6603,26.3924,1.0,35.51261520385742
106.6635,30.42717,2.6,142.5355682373047
106.7064,26.84311,2.5,93.14693450927734
106.707,29.62085,2.0,56.09593200683594
106.7179,28.88242,2.3333333333333335,177.7586669921875
106.7187,26.54928,2.0,4.933279991149902
106.7437,29.81392,1.7142857142857142,213.12738037109372
106.7477,29.37342,1.0,291.57135009765625
106.8782,26.82942,2.0,624.9940795898438
106.8807,39.55261,1.0,145.02752685546875
106.8838,39.74473,1.3333333333333333,390.5309753417969
106.936514,27.9135627,3.0,97.40975952148438
107.038,32.01936,1.75,669.29052734375
107.0848,28.17143,2.4,585.6607666015625
107.1014,33.0928,1.7142857142857142,104.17266845703124
107.1356,29.95723,1.4,284.9953918457031
107.1928,26.43055,1.0,199.4807281494141
107.2001,34.38244,1.6,29.869794845581048
107.2502,26.0176,3.0,721.140380859375
107.271223,34.345903,1.0,17.300945281982422
107.3324,29.66086,1.0,246.86167907714844
107.4299,40.92462,1.0,74.55840301513672
107.4326,30.25976,1.5555555555555556,257.4913330078125
107.567,41.45351,2.0,309.5408020019531
107.596,38.26614,1.0,455.0575256347656
107.6062,28.93119,3.0,384.1315612792969
107.6465,31.370140000000006,2.0,140.97727966308594
107.6714,36.04074,1.0,388.1419372558594
107.6779,34.40641,1.0,88.1424560546875
107.7047,29.37578,1.0,356.1851501464844
107.7139,30.661240000000006,1.0,146.86810302734375
107.7436,37.37923,1.0,105.1172332763672
107.823,29.88972,1.6,424.4361572265625
107.8409,24.64574,1.9230769230769231,223.9274139404297
107.8716,32.51348,1.0,854.5550537109375
107.8793,30.07034,7.333333333333333,329.7533264160156
107.9107,30.338520000000006,2.2857142857142856,292.4159240722656
107.9382,26.6305,1.0,102.08958435058594
107.9967,21.88401,1.4615384615384615,393.9627685546875
108.0477,34.2851,1.0,5.584396839141847
108.0604,41.03795,1.6666666666666667,206.8462219238281
108.1031,35.56590999999999,1.0,214.4817657470703
108.1799,34.31159,1.0,25.469425201416016
108.2932,30.09428,2.25,776.764892578125
108.3787,31.27337,2.7142857142857144,243.9162750244141
108.3897,34.78867,1.7142857142857142,282.7093505859375
108.4023,30.70612,3.823529411764706,51.85248184204102
108.4337,32.44509,1.0,172.3376922607422
108.4629,23.05898,2.619047619047619,189.32310485839844
108.5408,27.973740000000006,1.0,166.74732971191406
108.5576,26.50835,1.0,136.82968139648438
108.5816,34.001,1.0,73.70587158203125
108.6337,39.42306,4.666666666666667,422.5065307617188
108.7029,29.43689,1.0,380.6865539550781
108.7309,31.88474,1.0,278.51812744140625
108.7685,27.72673,1.0,344.3566589355469
108.7872,34.10727,4.333333333333333,94.96617889404295
108.7954,28.90145,1.0,222.40159606933597
108.8407,18.99376,1.0,341.7091979980469
108.85,34.316191,1.0,43.647804260253906
108.8523,31.03847,2.1,121.9726638793945
108.860978,19.361245,1.0,295.5781555175781
108.8832,35.26458,22.5,93.08995056152344
108.8847,32.81089,2.0,339.2704162597656
108.8962,34.27251,1.3333333333333333,49.58231735229492
108.9099,34.34604,1.3333333333333333,44.84156799316406
108.9258,32.76183,1.8571428571428572,174.36431884765625
108.9274,34.03647,1.0,249.1637420654297
108.9416,34.20667,1.0,50.98234939575195
108.9538,34.24815,1.0,46.06481170654297
108.9863,34.27348,2.0,37.665260314941406
108.9977,19.21995,1.0,158.6759796142578
109.0143,28.495240000000006,1.0,216.74842834472656
109.0235,22.1822,1.3333333333333333,161.03883361816406
109.0307,35.19603,2.3333333333333335,195.13853454589844
109.0491,18.65009,1.0,94.4363250732422
109.0626,34.50897,1.0,62.303306579589844
109.0673,35.039840000000005,1.0,20.41684913635254
109.0889,34.3024,1.3333333333333333,18.62952423095703
109.209979,19.6964266,1.0,133.39665222167972
109.2523,26.92336,1.0,118.442138671875
109.2596,27.52676,2.0,72.39484405517578
109.2917,34.661120000000004,1.0,60.27092361450195
109.3161,36.44222,1.0,402.8271484375
109.328,21.67666,2.0952380952380953,188.29458618164062
109.3445,30.95521,1.6,390.0378112792969
109.3486,31.5058,1.8571428571428572,1190.472900390625
109.371,24.95009,1.8461538461538463,192.2400054931641
109.4028,19.57117,3.0,121.99616241455078
109.4156,23.85711,2.2,38.1002082824707
109.4197,18.39084,2.6666666666666665,175.14500427246094
109.476623535,30.272174835,9.035714285714286,132.80561828613278
109.5704,38.04761,1.0,109.24468994140624
109.6483,18.59464,1.5,200.28680419921875
109.7128,19.80185,1.2,162.34310913085938
109.7267,28.6973,1.4,125.8232192993164
109.7429,39.82875,1.0,133.02577209472656
109.7462,19.1987,6.0,187.64627075195312
109.8294,40.63648,3.0,12.622062683105467
109.8512,19.03311,1.0,175.91744995117188
109.8538,40.21311,4.0,292.12567138671875
109.8585,34.95553,2.5,125.19081115722656
109.8962,31.11774,1.4,156.58041381835938
109.9016,33.6493,1.0,181.3584289550781
109.9065,32.72665,2.0,727.3157348632812
109.9475,18.56796,1.0,228.27252197265625
109.9751,27.64106,3.0,123.00894927978516
109.9864,19.69168,1.1428571428571428,21.245676040649414
109.9982,23.30914,2.0,152.4553680419922
110.0777,27.55503,3.090909090909091,54.82128143310547
110.1654,21.10003,1.7,33.67012405395508
110.182,22.44296,1.2222222222222223,201.6881103515625
110.2561,41.56212,2.4,280.80184936523443
110.2876,18.83795,2.0,485.495849609375
110.3056,19.48603,2.0,121.39743041992188
110.4018,19.20959,1.3333333333333333,127.96305847167969
110.4222,19.83166,2.2142857142857144,165.6992645263672
110.4319,33.68015,2.0,214.0225524902344
110.5145,25.35865,1.8823529411764706,382.0611267089844
110.5265,29.39328,1.25,599.3836059570312
110.6803,40.52088,2.0,111.3909683227539
110.6982,35.62629000000001,1.0,64.21113586425781
110.7157,36.15275,1.0,224.43402099609372
110.771,19.74459,1.5,228.6164703369141
110.782798767,32.652130127000106,19.764705882352942,11.177044868469238
110.8759,26.91525,5.533333333333333,57.813453674316406
110.9509,22.01601,2.0,134.49763488769528
110.9909,23.481720000000006,1.25,200.8524932861328
111.0727,35.18812,1.3333333333333333,60.59979629516602
111.1065,34.36358,1.0,315.9872131347656
111.1603,35.62573,2.0,51.27252197265625
111.2388,34.88375,2.0,125.0997314453125
111.2616,37.68364,1.5,365.3766479492188
111.28527069100001,30.703952789000105,29.4375,15.473525047302244
111.3626,24.36175,1.3333333333333333,156.64923095703125
111.3768,36.22827,1.0,110.61265563964844
111.4963,40.5971,5.0,208.2534027099609
111.5202,29.30245,4.6923076923076925,481.8114013671875
111.5766,42.29795,1.5,427.150634765625
111.6133,27.73964,3.764705882352941,248.26353454589844
111.6247,37.11185,1.0,116.38744354248048
111.6267,40.7253,1.0,86.44173431396484
111.6319,35.49273,1.0,96.18264770507812
111.6876297,29.038209915,3.5652173913043477,42.31226348876953
111.7063,27.63327,29.0,182.4183807373047
111.7296,25.77932,3.8,168.390625
111.7726,22.03769,2.1666666666666665,167.72024536132812
111.8479,40.95981,2.0,374.3521423339844
111.9083,40.76903,1.0,71.9661865234375
111.9523,28.57683,3.6363636363636362,150.5861358642578
111.9823,43.67392,1.0,507.9654846191406
112.0323,34.2936,2.125,363.0220642089844
112.0444,32.68081,1.0,49.68226623535156
112.200210571,31.030216217000106,28.285714285714285,114.43712615966795
112.2026,23.54164,2.0,86.44444274902344
112.2527,37.14121,3.0,66.53441619873047
112.2833,33.04534,8.4,113.74970245361328
112.3012,37.62392,10.666666666666666,4.85435676574707
112.3157,37.96001,1.0,147.69984436035156
112.3487,35.42084000000001,1.0,196.8192901611328
112.3645,35.74579,1.0,101.45996856689452
112.3904,37.86721,2.0,24.197479248046875
112.3926,35.099909999999994,1.25,120.1556167602539
112.4382,41.7009,3.0,796.8648681640625
112.5737,26.79602,3.3076923076923075,63.8873176574707
112.6022,27.73204,2.142857142857143,161.1822967529297
112.6405,39.61984,2.0,452.7261962890625
112.6714,22.28417,1.9,178.65208435058594
112.7069,35.61116,1.0,44.781009674072266
112.7377,36.33671,1.0,225.67254638671875
112.8001,34.15829,1.0,78.92924499511719
112.8594,35.46545,1.0,22.278818130493164
112.8749,24.31602,1.8333333333333333,326.88226318359375
112.9151,36.47742,1.0,233.3901214599609
112.9444,23.0131,4.375,231.56668090820312
112.962,37.32883,3.0,100.93914031982422
113.0108,33.796859999999995,3.8333333333333335,37.22020721435547
113.0816,36.2784,1.0,95.96097564697266
113.1163,29.37227,2.0,7.898406505584718
113.1311,35.11887,1.8888888888888888,84.23628234863281
113.1376,25.81815,2.1538461538461537,50.13611221313477
113.1532,28.227590000000006,12.235294117647058,49.08102035522461
113.254,29.0682,6.555555555555555,106.52957153320312
113.2818,40.0828,1.0,46.29766464233398
113.2994,29.52133,1.0,57.59896087646485
113.3478,38.22273,1.0,255.38961791992188
113.361,22.16925,5.0588235294117645,85.70002746582031
113.3859,22.52105,3.5384615384615383,63.97933578491211
113.4305,23.35183,60.0,144.77105712890625
113.468,34.62931,6.421052631578948,177.9870147705078
113.4968,38.06465,1.0,31.131305694580078
113.5115,29.49117,1.0,79.93605041503906
113.5158,27.12398,4.0,213.35205078125
113.5364,23.34983,14.578947368421053,92.86444091796876
113.5622,37.84235,1.0,3.052099704742432
113.6136,33.90335,35.5,84.74356842041016
113.7089,34.07273,2.3636363636363638,13.0645112991333
113.7186,39.9064,1.0,425.5964660644531
113.7218,27.50699,1.0,192.79083251953125
113.7723,24.82198,1.4,323.6751403808594
113.8738,22.93336,4.333333333333333,40.27711486816406
113.8999,33.65542,3.0,74.80427551269531
113.9029,27.51356,2.4545454545454546,48.82322311401367
113.91133117700001,30.928455353000107,95.08108108108108,80.90718841552734
114.063312,22.3445126,1.0,13.054302215576172
114.084,35.26547,7.076923076923077,74.91191864013672
114.122,22.407,1.0,7.040039539337157
114.1291,22.65389,17.0,51.93717575073242
114.1324,22.38074,2.0,6.430083751678468
114.133808,22.3650193,1.0,5.719207286834718
114.1498,41.97032,1.5,209.30589294433597
114.1505,32.92419,7.769230769230769,69.58762359619139
114.164553,22.3888136,1.0,6.430083751678468
114.165248,22.2773596,1.0,2.460171699523926
114.18612,22.319751,1.0,11.707540512084961
114.187061,22.3044127,1.0,11.707540512084961
114.187767,22.319558,1.0,11.707540512084961
114.188121,22.2826304,1.0,6.080691337585449
114.206868,22.2859106,1.0,6.080691337585449
114.207664,22.2333433,1.0,8.138249397277832
114.225,22.315,1.0,16.174186706542972
114.234404,22.307989000000006,1.0,16.174186706542972
114.26873779299999,29.8943271640001,33.53846153846154,84.1539535522461
114.291938782,30.5675144200001,1095.888888888889,9.913750648498537
114.3093,35.72307,2.0,49.13146591186523
114.3278,44.48038,3.0,511.0970153808594
114.3525,35.87894,3.1538461538461537,21.19197654724121
114.4384,38.13361,2.6666666666666665,35.09415054321289
114.4983,23.24435,3.2666666666666666,133.48431396484378
114.5375,34.6068,1.9,71.92052459716797
114.5421,36.55381,2.3,38.80736923217773
114.6612,35.46624,1.0,59.88608169555664
114.7549,35.21723,1.0,62.42487335205078
114.8155,37.21327,2.5,45.93285751342773
114.8248,26.97535,1.7272727272727273,52.04891586303711
114.8515,27.84546,6.8125,163.29129028320312
114.8773,33.723859999999995,4.266666666666667,45.3980941772461
114.881187439,30.402767181000094,39.74285714285714,49.87799835205078
114.8834,32.08258,12.545454545454545,238.3580017089844
114.9369,32.77976,1.0,35.16636276245117
114.9579,24.04653,1.0,216.12173461914062
114.9732,28.30755,5.375,181.65939331054688
115.0351,40.87393,2.5714285714285716,81.22679138183594
115.074989319,30.213798523,31.90625,12.020071983337402
115.1701,39.02267,2.625,71.92191314697266
115.2745,25.71368,5.833333333333333,65.02736663818361
115.2794,35.80833,2.6666666666666665,14.2341890335083
115.3716,33.88942,1.0,264.51470947265625
115.4418,29.3255,6.875,157.5745086669922
115.5411,23.0011,1.0,134.55758666992188
115.5438,44.24353,1.25,670.6533813476562
115.6914,35.15343,2.0,136.47447204589844
115.6977,34.28974,5.75,105.5983657836914
115.6979,32.13325,2.0,143.2801971435547
115.7036,32.9188,5.428571428571429,97.54000091552734
115.8236,37.76365,1.6,40.11439514160156
115.8797,36.45761,1.0,85.76801300048828
115.8952,36.44981,1.5,85.76801300048828
116.0257,28.66149,10.421052631578947,23.58849906921387
116.0288,35.27391,1.0,86.21595764160156
116.0807,24.20478,1.3333333333333333,64.44570159912111
116.1108,34.73318,1.0,140.96176147460938
116.1185,23.33707,1.75,48.69180297851562
116.1236,44.07095,1.0,459.841796875
116.1246,25.13598,1.0,175.75672912597656
116.152,39.60332,1.0,183.5637359619141
116.1737,39.92715,1.0,38.26565551757813
116.1808,33.43671,6.266666666666667,46.8335075378418
116.2063,40.20789,2.0,49.58916091918945
116.2285,40.02186,2.5,35.58824157714844
116.2425,30.10472,6.0,127.73533630371094
116.2499,39.8306,2.0,37.18235778808594
116.3151,31.75941,2.9444444444444446,73.28382110595703
116.3187,33.96738,2.5,54.37777709960938
116.3359,35.96215,1.0,78.54269409179688
116.3591,39.91093,2.1666666666666665,13.460789680480955
116.4106,39.91129,1.5,7.232398509979247
116.4151,40.18535,12.5,37.83733367919922
116.4172,39.64238,2.0,70.4177474975586
116.4344,27.51128,4.0625,692.2891235351562
116.4853,42.18977,2.0,182.67372131347656
116.4944,35.70984,1.0,3.343097686767578
116.5128,39.94612,4.666666666666667,15.900747299194336
116.5411,30.75502,1.0,371.0946960449219
116.5856,23.33433,2.6666666666666665,75.36951446533203
116.5956,30.61122,3.9285714285714284,92.54463958740234
116.6081,28.21876,1.0,69.93035888671875
116.6264,39.25678,2.125,148.8897247314453
116.6525,37.24178,3.5,155.77821350097656
116.6667,26.30745,1.0,108.43463134765624
116.6771,30.24028,1.0,116.43509674072266
116.7332,35.37464,3.1666666666666665,65.12563323974611
116.734,32.75738,2.5,49.3019027709961
116.7363,39.80292,3.0,104.186279296875
116.7403,25.29473,2.0,138.69039916992188
116.7424,33.72722,2.090909090909091,15.22605037689209
116.7593,38.26855,2.6,33.311824798583984
116.7739,23.79656,1.5,64.58661651611328
116.7904,36.42273,1.0,90.60954284667969
116.8021,37.67882,1.0,8.284040451049805
116.8144,24.75887,1.0,138.06082153320312
116.9416,30.96895,1.0,43.544105529785156
116.9669,36.5767,3.0,25.58337593078613
116.989,40.52377,1.0,100.47335815429688
117.0194,35.60996,1.0,48.18556213378906
117.0201,31.72762,1.0,272.0404663085937
117.0385,36.00093,1.6666666666666667,176.36221313476562
117.0851,36.73414,2.4285714285714284,19.9084415435791
117.0907,36.65325,3.0,28.579814910888672
117.1077,28.22466,1.8333333333333333,69.43166351318361
117.1328,37.66758,1.0,86.37100219726562
117.1352,35.0602,1.0,43.0682258605957
117.1614,32.2842,1.0,94.13330841064452
117.1894,31.92046,2.0,38.25884246826172
117.1946,36.2139,1.0,111.03299713134766
117.2001,31.82562,1.3333333333333333,16.20870590209961
117.2092,33.860859999999995,2.2857142857142856,141.6500244140625
117.224844,31.828313,2.0,16.900545120239258
117.2708,29.309990000000006,1.0,15.91261386871338
117.3168,25.9165,1.0,124.6276626586914
117.32,31.26968,1.6666666666666667,83.84239196777344
117.326,33.10901,7.294117647058823,115.11289978027344
117.326029,31.8947345,4.0,27.31025695800781
117.3319,31.77863,1.0,33.835739135742195
117.3333,39.29713,4.076923076923077,122.9845199584961
117.3384,31.89544,1.25,20.241912841796875
117.3428,31.79444,6.444444444444445,22.54091835021973
117.3658,30.28525,1.1428571428571428,164.7936553955078
117.3892,26.72978,1.0,280.3106689453125
117.3919,34.916509999999995,2.0,88.587158203125
117.3972,26.30083,2.0,63.74892044067383
117.4002,39.60828,1.5,234.61456298828125
117.4428,24.37045,3.0,360.8101501464844
117.4692,28.77693,7.285714285714286,186.5855865478516
117.4943,49.53241,1.0,118.5694580078125
117.5145,34.3568,4.214285714285714,70.00299835205078
117.5457,41.35324,1.0,167.79736328125
117.5661,37.36909,1.0,52.27550888061523
117.5681,32.00123,1.6,29.869319915771484
117.5912,34.71065,1.0,55.70653915405274
117.6048,35.89409000000001,1.0,64.67158508300781
117.6105,24.60103,1.6,29.111204147338874
117.7166,31.64696,1.0,66.88005828857422
117.7956,24.39413,1.0,70.86693572998047
117.8074,26.44404,1.5,38.25748062133789
117.827,37.50211,1.75,46.34818649291992
117.8621,26.90625,1.0,181.9986724853516
117.8965,30.94467,2.0833333333333335,91.74231719970705
117.9998,27.74553,1.0,204.84979248046875
118.0154,24.64094,1.0,24.82939910888672
118.0508,36.60405,1.3333333333333333,129.76690673828122
118.0561,27.4057,1.0,159.24073791503906
118.0657,36.80833,2.0,20.803857803344727
118.0713,29.90755,2.25,83.25421142578125
118.0971,43.76347,1.0,517.5573120117189
118.1027,32.54543,1.3333333333333333,124.22440338134766
118.1138,24.67595,2.4285714285714284,11.92802619934082
118.1285,31.14997,2.7777777777777777,57.32494735717772
118.1296,25.39241,1.0,6.063644886016847
118.1433,27.341520000000006,3.5,205.5914459228516
118.1603,36.35919000000001,18.444444444444443,153.41392517089844
118.2433,26.58755,1.5,38.9902572631836
118.2574,25.21145,2.6,64.99513244628906
118.2809,35.31235,4.5,155.2963104248047
118.2886,36.84829000000001,1.0,42.73872756958008
118.3354,39.72276,2.909090909090909,49.416847229003906
118.356,31.62885,2.727272727272727,26.511857986450195
118.3777,25.01462,1.6,112.8364486694336
118.5051,35.12195,1.0,34.65545654296875
118.5128,27.9424,1.0,6.0018863677978525
118.5202,33.78681,1.1111111111111112,98.30472564697266
118.5443,24.72969,2.4,66.39118957519531
118.5449,24.91283,1.0,46.32024383544922
118.5969,35.90842,1.0,50.55103302001953
118.618,24.92143,1.0,37.14064025878906
118.633,42.38503,1.0,258.6395874023437
118.674,28.9356,2.4,95.47881317138672
118.6935,25.46516,2.0,337.1597595214844
118.7543,27.60811,1.3333333333333333,357.8910827636719
118.7675,26.2097,1.0,348.6620178222656
118.8018,24.99057,1.0,32.2181396484375
118.8424,31.92997,4.1875,9.13162899017334
118.8534,30.68815,1.25,393.7776794433594
118.8683,26.61637,2.6666666666666665,140.25028991699222
118.8826,43.22626,2.0,82.59745788574219
118.8892,25.45184,4.25,60.31568908691406
118.9257,25.41917,2.5714285714285716,47.06013107299805
118.9601,27.32212,1.0,185.9351043701172
118.9639,33.357009999999995,3.2941176470588234,39.08502960205078
119.0533,25.60338,1.0,180.42579650878903
119.054565,29.091674,27.0,87.89971160888672
119.0713,36.55315,1.4,109.60671997070312
119.0789,25.39559,1.75,3.394855737686157
119.1325,34.534,2.5,26.522714614868164
119.1358,35.58324,1.4285714285714286,222.3253631591797
119.1364,36.68344,2.0,19.148378372192386
119.1789,26.05196,3.0,42.252689361572266
119.1835,40.09067,1.0,282.8160705566406
119.1945,25.23526,1.0,58.101417541503906
119.2411,42.96581,2.0,110.00909423828124
119.2797,26.09591,1.0,117.44754028320312
119.3006,26.22387,2.0,309.7365417480469
119.3016,27.09157,2.0,123.97962951660156
119.324,26.01712,2.5,25.27579498291016
119.3656,25.63143,1.6666666666666667,120.8191909790039
119.3701,35.46201,1.0,90.9712371826172
119.4537,32.01638,1.5,91.52025604248048
119.4564,32.9902,5.0,105.00595092773438
119.4715,29.90166,9.705882352941176,152.00978088378906
119.4729,32.73976,1.9090909090909092,147.39439392089844
119.4745,26.976740000000003,2.3333333333333335,138.97377014160156
119.5133,28.20076,2.2857142857142856,141.54283142089844
119.55,26.30194,3.0,266.55874633789057
119.5504,25.91169,1.4,41.00554656982422
119.6369,31.62592,2.7333333333333334,187.20013427734372
119.8686,30.74578,1.6666666666666667,360.3272399902344
119.9524,29.11746,4.454545454545454,375.91351318359375
119.9801,26.86626,1.0,41.86203384399414
120.0166,41.51421,2.5714285714285716,246.6070556640625
120.0575,32.57248,2.7,159.88035583496094
120.0767,31.52812,2.5625,56.54081344604492
120.1436,36.45484,2.9,80.11576843261719
120.1736,33.52337,2.125,35.503570556640625
120.1972,40.62562,2.8333333333333335,136.21185302734378
120.3645,36.11189,1.0,8.087828636169434
120.4195,36.18703,1.0,6.900932312011719
120.4404,27.90538,27.38888888888889,96.35675811767578
120.636,29.7353,3.0833333333333335,565.2018432617188
120.6418,31.378020000000006,4.533333333333333,119.1661376953125
120.7506,29.58788,2.5,217.8044586181641
120.7547,30.63995,3.0714285714285716,167.9541015625
120.8051,37.24217,3.1666666666666665,176.96450805664062
121.0053,32.1975,2.2857142857142856,84.4901123046875
121.0784,31.12558,1.0,153.2947235107422
121.1116,28.775,8.4,101.8446273803711
121.2152,31.015390000000004,1.0,27.10827827453613
121.2179,49.71785,1.6666666666666667,151.06593322753906
121.2389,31.359790000000004,1.0,47.55784606933594
121.3684,46.24366,1.0,273.89361572265625
121.3757,31.20946,1.0,21.324880599975586
121.414,31.08938,1.5,6.945561408996582
121.4345,31.16504,1.5,15.029979705810547
121.447,31.2701,2.0,26.893857955932614
121.4555,31.2045,12.8125,15.828121185302734
121.4792,29.71147,10.1875,105.99836730957031
121.4809,31.27901,2.0,29.739973068237305
121.4995,49.32259000000001,1.0,907.7451782226562
121.5244,31.30158,1.0,38.06889724731445
121.5517,30.91111,1.0,87.41551971435547
121.5555,43.84315,1.0,139.76466369628906
121.6189,41.47081,3.142857142857143,80.39781188964844
121.7257,31.10622,2.5,116.07593536376952
121.9557,42.2807,4.0,120.2857666015625
121.9821,37.12174,2.0,77.65157318115234
121.9994,41.08577,3.857142857142857,79.83279418945312
122.0687,46.1087,1.0,38.05745315551758
122.1156,37.43303,1.5,111.10150146484376
122.2224,39.59944,4.875,83.85062408447266
122.4655,40.39262,1.0,143.46803283691406
123.0077,40.7196,1.0,127.71815490722656
123.1391,42.10012,6.5,74.81221008300781
123.2453,41.18291,1.4,40.762393951416016
123.4396,45.94814,1.0,83.12104797363281
123.6956,43.75948,1.0,229.3750305175781
124.1707,42.64676,2.25,34.94419479370117
124.3406,43.18539000000001,1.6666666666666667,52.57519912719727
124.4043,40.54612,3.8,338.755126953125
124.4603,49.09651,1.0,1240.773193359375
124.4702,43.57227,2.0,109.68887329101562
124.4795,44.80382,1.0,251.9139404296875
124.5514,47.70894000000001,2.0,38.86490249633789
124.5703,41.22937,2.25,235.60780334472656
124.6729,43.78353,2.0,135.48577880859378
124.699,46.35607,2.0,35.69662094116211
125.013106,43.8880385,1.0,68.14075469970703
125.1516,43.86477,1.0,38.28600311279297
125.1521,42.85802,1.5,29.5447998046875
125.1762,42.94445,1.0,11.015569686889648
125.25924,43.8296097,1.0,17.618654251098633
125.2753,43.63143,2.0,56.05842208862305
125.3049,42.81178,6.0,44.76689910888672
125.345846,43.8402475,1.0,3.173446655273437
125.412405,43.8479468,1.0,7.741848468780518
125.425436,43.8302368,3.0,16.414405822753903
125.427811,43.8813038,1.0,14.579105377197266
125.4418,42.67554000000001,2.0,24.297346115112305
125.7108,42.53434,1.0,53.12581253051758
125.769,44.38803,3.25,291.4577941894531
125.9505,41.96159,1.0,234.9005584716797
125.9723,44.20161,1.0,127.96495056152344
125.9869,41.24388,2.0,435.6842956542969
126.168,43.70033,2.0,131.7664794921875
126.3363,44.06026,1.0,170.76414489746094
126.6487,46.90084,3.5,126.39234161376952
126.6818,43.66168,1.0,62.54290008544922
126.8481,43.58859,1.0,249.5968017578125
126.98,49.28186,3.0,688.6296997070312
127.6804,48.03987,22.1,285.3590087890625
127.9588,45.64657,2.6666666666666665,187.08644104003903
129.1295,43.14674,1.0,185.91964721679688
129.4579,43.051,1.0,625.2822875976562
129.8858,44.6065,1.0,139.39164733886722
130.9703,45.91117,2.0,70.4762191772461
132.2524,47.2681,2.5,153.9364013671875
132.2899,45.63347,1.0,96.61454010009766
132.5464,46.68281,5.0,652.1919555664062
