longitude,latitude,cases,access,longxlat
82.0969,43.467929999999996,1.2857142857142858,146.13302612304688,3568.582302417
84.78366,45.65789,3.0,302.85137939453125,3871.0430220774
85.01233,44.53911,1.0,413.9972229003906,3786.3735172263005
85.28061,41.376290000000004,1.6666666666666667,179.10955810546875,3528.5952507369
86.03285,44.30077,1.0,54.58528900146485,3811.3215002945
87.45765,39.56335,1.0,1303.046142578125,3460.1176171275
87.59035,44.34183,1.0,598.7105712890625,3883.9164093405
87.78531,43.73043,1.75,90.42020416259766,3838.8893539832998
88.04576,31.76117,1.0,834.1827392578125,2796.4363511392
88.6086,44.35416,1.0,569.3475952148438,3930.1600217759997
89.83591,42.396879999999996,1.0,1130.7503662109375,3808.7622959607997
91.10946,30.03105,1.0,695.0150756835938,2736.112748733
98.08459,24.560389999999998,1.5,222.69639587402344,2408.9957833901
98.49303,25.2764,1.0,91.79830932617188,2489.549223492
98.96988,24.97854,1.75,251.4579620361328,2472.1231063751998
99.88059,38.92575,1.0,990.0494995117188,3887.9268761925
100.01,30.945059999999998,4.428571428571429,1255.997314453125,3094.8154506
100.037,25.73038,1.5714285714285714,603.948974609375,2573.99002406
100.2712,37.8007,2.0,707.3169555664062,3790.3215498399995
100.5235,26.94233,2.0,355.5986328125,2708.3373097549998
100.7214,23.19205,3.0,534.8143310546875,2335.93574487
100.9477,21.93139,2.8,285.7898254394531,2213.923378303
101.4437,36.82615,1.875,142.70181274414062,3735.780912755
101.4838,25.01087,4.0,175.72994995117188,2538.198128906
101.569,25.35525,1.0,105.50968170166016,2575.3073872500004
101.7307,26.808459999999997,1.5,165.59713745117188,2727.243401722
101.7543,37.42092,1.0,355.7856140136719,3807.739519956
102.0499,38.42935,1.0,54.97119140625,3921.711324565
102.0762,27.892709999999997,1.6,622.4189453125,2847.181844502
102.2032,24.14295,1.8333333333333333,151.92352294921875,2467.48674744
102.4916,24.366789999999998,1.0,217.1682891845703,2497.391293964
102.6656,29.92197,1.0,898.0029907226562,3071.9570032320003
102.7093,30.66507,38.66666666666666,729.7239990234375,3149.587874151
102.7657,34.33256,1.5,1917.984375,3528.209561192
102.8739,25.39236,2.375,240.02105712890625,2612.2111034040004
103.036,23.44225,1.3333333333333333,102.04344177246094,2415.395671
103.0791,34.99238,1.0,226.02366638183602,3606.9830372579995
103.1088,36.275659999999995,1.0,191.6078948974609,3740.3397718079996
103.1373,23.30956,1.0,46.4955940246582,2404.085082588
103.1937,35.58106,1.0,74.79155731201172,3671.741231322
103.2668,36.60351,1.0,250.9058837890625,3779.927346468
103.2798,35.63012,1.0,292.9776916503906,3679.8716675759997
103.4879,23.33841,1.0,55.69406509399414,2415.243040239
103.51899999999999,36.12968,1.25,15.915900230407715,3740.1083439199997
103.5687,29.21265,1.5,88.77900695800781,3025.5161840550004
103.6554,36.351259999999996,2.5,366.7755126953125,3768.0043958039996
103.7518,29.92724,1.25,120.33069610595705,3105.0050190320003
103.7711,35.96467,1.0,53.42794418334961,3732.093367037
103.8256,30.70291,6.357142857142858,37.066253662109375,3187.7480524959997
103.8756,36.07809,1.4285714285714286,46.859657287597656,3747.6332456040004
103.9368,25.70936,1.6,215.41400146484366,2672.1486084480002
104.0039,27.65652,2.4,112.45777893066406,2876.385940428
104.1369,35.13411,1.0,242.95758056640625,3658.7572996589997
104.1535,36.56493,1.0,12.546630859375,3808.3654367549993
104.3416,24.98012,1.0,309.4786682128906,2606.4656889919997
104.4301,31.13417,1.6,162.67494201660156,3251.344486517
104.4519,35.12274,1.0,155.15086364746094,3668.6369262059998
104.6208,36.61864,1.0,97.17705535888672,3831.071411712
104.6236,35.10665,1.75,307.8049621582031,3672.98410694
104.6293,27.132990000000003,2.0,228.76927185058602,2838.9057506070003
104.633,28.57595,1.0,302.5088806152344,2989.98737635
104.68299999999999,29.28939,5.0,135.61766052246094,3066.10121337
104.7008,31.8534,2.0,368.5230712890625,3335.07646272
104.7145,23.69131,1.0,92.1619644165039,2480.8236809950004
104.7303,36.72572,1.0,104.39225006103516,3846.2956733160004
104.8231,26.648809999999997,1.0,111.46607208251952,2793.4108755109996
104.8908,26.136229999999998,2.0,512.14794921875,2741.4500736839996
104.9131,29.6418,1.8,275.68093872070307,3109.81312758
105.0565,34.10804,1.3333333333333333,293.37298583984375,3583.2713042600003
105.1839,35.20822000000001,1.0,281.2279663085937,3703.337891658001
105.2156,27.06873,3.0,67.18882751464844,2848.0526681879996
105.4632,25.267139999999998,1.3333333333333333,466.7421569824219,2664.7534392479997
105.4711,30.633309999999998,2.6,42.58491897583008,3230.928902341
105.4777,37.0548,1.0,277.19058227539057,3908.45507796
105.5027,29.465999999999998,1.25,74.39354705810547,3108.7425582
105.6275,34.40163,1.0,402.676513671875,3633.7581728249997
105.666,28.44237,2.0,486.802734375,3005.39146842
105.6869,27.227520000000002,2.0,196.96810913085938,2877.592183488
105.7378,34.64971,1.0,38.47792434692383,3663.7841060379997
105.7388,29.65237,1.25,64.65664672851561,3135.4060209560002
105.7818,32.26332,1.0,261.50827026367193,3412.872063576
105.8098,30.14745,1.3333333333333333,169.236328125,3189.8956550099997
105.8705,29.29301,1.5,62.1194953918457,3101.265615205
105.9499,25.995820000000002,1.0,359.3459167480469,2754.2545294180004
106.0291,29.814559999999997,1.75,139.55169677734378,3161.2109636959995
106.0543,35.25054,1.0,225.61053466796875,3738.471344322
106.1281,34.73969,1.0,125.41349792480469,3686.8572942890005
106.1453,34.415,2.333333333333333,220.789794921875,3652.9904995
106.1527,37.07805,3.0,519.9471435546875,3935.9351182349997
106.1671,37.28727,3.1428571428571432,234.2950897216797,3958.681322817
106.1836,35.95574000000001,1.0,404.6380310058594,3817.9099138640013
106.189,29.564759999999996,1.8,209.26522827148446,3139.452299639999
106.2033,31.197029999999998,1.625,185.21080017089844,3313.2275361989996
106.2579,29.03267,1.3333333333333333,294.6404113769531,3084.9505455930002
106.2863,23.98862,1.0,126.6436538696289,2549.661661906
106.3081,30.11512,1.75,105.14933776855469,3201.481188472
106.3496,38.2349,2.2,128.46040344238278,4066.26632104
106.3625,29.43189000000001,1.8571428571428568,90.14494323730469,3130.449400125001
106.3637,29.62567,4.0,108.83322143554688,3151.095876179
106.4452,29.41508,2.0,44.1617431640625,3131.094073616
106.46998799999999,29.527955,2.0,17.503049850463867,3143.8410145145394
106.4984,37.44059,1.3333333333333333,330.9934387207031,3987.362930056
106.5376,29.55234,1.8,8.629926681518555,3148.435377984
106.56700000000001,29.6426,1.75,17.49278450012207,3158.9229542000003
106.5993,35.20198,1.4,460.68304443359375,3752.506426614
106.6421,35.30775,1.0,544.8287353515625,3765.292606275
106.6592,29.540340000000004,1.5,21.08973693847656,3150.749032128
106.6603,26.3924,1.0,35.51261520385742,2815.02130172
106.6635,30.42717,2.6,142.5355682373047,3245.468447295
106.7064,26.84311,2.5,93.14693450927734,2864.331632904
106.70700000000001,29.62085,2.0,56.09593200683594,3160.7520409500003
106.7179,28.88242,2.333333333333333,177.7586669921875,3082.271209318
106.7187,26.54928,2.0,4.933279991149902,2833.3046475359997
106.7437,29.81392,1.7142857142857142,213.12738037109366,3182.448132304
106.7477,29.37342,1.0,291.57135009765625,3135.5450261339997
106.8782,26.829420000000002,2.0,624.9940795898438,2867.4801166440006
106.8807,39.552609999999994,1.0,145.02752685546875,4227.410643626999
106.8838,39.74473,1.3333333333333333,390.5309753417969,4248.067772373999
106.93651399999999,27.913562699999996,3.0,97.40975952148438,2984.979088458427
107.038,32.01936,1.75,669.29052734375,3427.2882556799996
107.0848,28.171429999999997,2.4,585.6607666015625,3016.7319472639997
107.1014,33.0928,1.7142857142857142,104.17266845703124,3544.2852099199995
107.1356,29.95723,1.4,284.9953918457031,3209.4858103879997
107.1928,26.43055,1.0,199.4807281494141,2833.16466004
107.2001,34.38244,1.6,29.86979484558105,3685.8010062440003
107.2502,26.0176,3.0,721.140380859375,2790.39280352
107.27122299999999,34.345903,1.0,17.300945281982422,3684.3270198493688
107.3324,29.660859999999996,1.0,246.86167907714844,3183.571289864
107.4299,40.924620000000004,1.0,74.55840301513672,4396.527834138001
107.4326,30.259759999999996,1.5555555555555556,257.4913330078125,3250.8846921759996
107.56700000000001,41.453509999999994,2.0,309.5408020019531,4459.02971017
107.596,38.26614,1.0,455.0575256347656,4117.28359944
107.6062,28.93119,3.0,384.1315612792969,3113.175417378
107.6465,31.37014000000001,2.0,140.97727966308594,3376.885775510001
107.6714,36.04074,1.0,388.1419372558594,3880.556932836
107.6779,34.40641,1.0,88.1424560546875,3704.8099753389997
107.7047,29.37578,1.0,356.1851501464844,3163.909572166
107.7139,30.66124000000001,1.0,146.86810302734375,3302.641739236001
107.7436,37.37923,1.0,105.1172332763672,4027.372805428
107.823,29.88972,1.6,424.4361572265625,3222.79927956
107.8409,24.64574,1.9230769230769231,223.9274139404297,2657.818782766
107.8716,32.51348,1.0,854.5550537109375,3507.281109168
107.8793,30.07034,7.333333333333332,329.7533264160156,3243.967229962
107.9107,30.33852000000001,2.2857142857142856,292.4159240722656,3273.850930164001
107.9382,26.6305,1.0,102.08958435058594,2874.4482351
107.9967,21.88401,1.4615384615384617,393.9627685546875,2363.400862767
108.0477,34.2851,1.0,5.584396839141847,3704.4261992700003
108.0604,41.03795,1.6666666666666667,206.8462219238281,4434.57729218
108.1031,35.56590999999999,1.0,214.4817657470703,3844.7851253209988
108.1799,34.31159,1.0,25.469425201416016,3711.824375041
108.2932,30.094279999999998,2.25,776.764892578125,3259.0058828959995
108.3787,31.27337,2.7142857142857144,243.9162750244141,3389.367185219
108.3897,34.78867,1.7142857142857142,282.7093505859375,3770.7335046990006
108.4023,30.706120000000002,3.8235294117647056,51.85248184204102,3328.614032076
108.4337,32.44509,1.0,172.3376922607422,3518.141155533
108.4629,23.05898,2.619047619047619,189.32310485839844,2501.043841842
108.5408,27.97374000000001,1.0,166.74732971191406,3036.2921185920013
108.5576,26.50835,1.0,136.82968139648438,2877.68285596
108.5816,34.001,1.0,73.70587158203125,3691.8829815999998
108.6337,39.42306,4.666666666666667,422.5065307617188,4282.672873122
108.7029,29.436890000000002,1.0,380.6865539550781,3199.875309981
108.7309,31.88474,1.0,278.51812744140625,3466.8564764660005
108.7685,27.72673,1.0,344.3566589355469,3015.794832005
108.7872,34.10727,4.333333333333333,94.96617889404295,3710.434402944
108.7954,28.90145,1.0,222.40159606933602,3144.3448133300003
108.8407,18.99376,1.0,341.7091979980469,2067.2941340320003
108.85,34.316190999999996,1.0,43.647804260253906,3735.317390349999
108.8523,31.03847,2.1,121.97266387939449,3378.608847981
108.860978,19.361245,1.0,295.5781555175781,2107.68406599761
108.8832,35.26458,22.5,93.08995056152344,3839.720317056
108.8847,32.81089,2.0,339.2704162597656,3572.603914383
108.8962,34.27251,1.3333333333333333,49.58231735229492,3732.1461034619992
108.9099,34.34604,1.3333333333333333,44.84156799316406,3740.623781796
108.9258,32.761829999999996,1.8571428571428568,174.36431884765625,3568.6085422139995
108.9274,34.03647,1.0,249.1637420654297,3707.5041822780004
108.9416,34.20667,1.0,50.98234939575195,3726.529360472
108.9538,34.24815,1.0,46.06481170654297,3731.4660854700005
108.9863,34.27348,2.0,37.665260314941406,3735.339773324
108.9977,19.21995,1.0,158.6759796142578,2094.930344115
109.0143,28.49524000000001,1.0,216.74842834472656,3106.388641932001
109.0235,22.1822,1.3333333333333333,161.03883361816406,2418.3810817000003
109.0307,35.19603,2.333333333333333,195.13853454589844,3837.447788121
109.0491,18.65009,1.0,94.4363250732422,2033.7755294189997
109.0626,34.50897,1.0,62.303306579589844,3763.637991522
109.0673,35.039840000000005,1.0,20.41684913635254,3821.700741232001
109.0889,34.3024,1.3333333333333333,18.62952423095703,3742.0110833599997
109.209979,19.6964266,1.0,133.39665222167972,2151.046335361041
109.2523,26.92336,1.0,118.442138671875,2941.439003728
109.2596,27.526759999999996,2.0,72.39484405517578,3007.5627868959996
109.2917,34.661120000000004,1.0,60.27092361450195,3788.1727287040007
109.3161,36.44222,1.0,402.8271484375,3983.721365742
109.32799999999999,21.676660000000002,2.095238095238096,188.29458618164062,2369.8658844799997
109.3445,30.955209999999997,1.6,390.0378112792969,3384.7819598449996
109.3486,31.5058,1.8571428571428568,1190.472900390625,3445.11512188
109.37100000000001,24.95009,1.8461538461538465,192.2400054931641,2728.8162933900003
109.4028,19.571170000000002,3.0,121.99616241455078,2141.1407972760003
109.4156,23.857110000000002,2.2,38.1002082824707,2610.340004916
109.4197,18.39084,2.6666666666666665,175.14500427246094,2012.3201955480001
109.476623535,30.272174835,9.035714285714286,132.80561828613278,3314.095487996996
109.5704,38.04761,1.0,109.24468994140624,4168.891846744
109.6483,18.59464,1.5,200.28680419921875,2038.8706651119999
109.7128,19.80185,1.2,162.34310913085938,2172.51640868
109.7267,28.6973,1.4,125.8232192993164,3148.8600279099996
109.7429,39.82875,1.0,133.02577209472656,4370.922528375
109.7462,19.1987,6.0,187.64627075195312,2106.98436994
109.8294,40.63648,3.0,12.622062683105467,4463.080216512
109.8512,19.03311,1.0,175.91744995117188,2090.809973232
109.8538,40.21311,4.0,292.12567138671875,4417.562943318
109.8585,34.955529999999996,2.5,125.19081115722656,3840.1620925049997
109.8962,31.11774,1.4,156.58041381835938,3419.721378588
109.9016,33.6493,1.0,181.3584289550781,3698.1119088799996
109.9065,32.72665,2.0,727.3157348632812,3596.8715582249997
109.9475,18.56796,1.0,228.27252197265625,2041.5007821
109.9751,27.641059999999996,3.0,123.00894927978516,3039.8283376059994
109.9864,19.691679999999998,1.1428571428571428,21.245676040649414,2165.8169931519997
109.9982,23.30914,2.0,152.4553680419922,2563.9634435479998
110.0777,27.55503,3.0909090909090913,54.82128143310547,3033.194325831
110.1654,21.10003,1.7,33.67012405395508,2324.493244962
110.182,22.44296,1.2222222222222223,201.6881103515625,2472.81021872
110.2561,41.56212,2.4,280.80184936523443,4582.477258932
110.2876,18.83795,2.0,485.495849609375,2077.5922944199997
110.3056,19.48603,2.0,121.39743041992188,2149.418230768
110.4018,19.20959,1.3333333333333333,127.96305847167969,2120.7733132619996
110.4222,19.83166,2.2142857142857144,165.6992645263672,2189.855526852
110.4319,33.68015,2.0,214.0225524902344,3719.362956785
110.5145,25.35865,1.8823529411764703,382.0611267089844,2802.498525425
110.5265,29.393279999999997,1.25,599.3836059570312,3248.7363619199996
110.6803,40.52088,2.0,111.3909683227539,4484.863154664
110.6982,35.62629000000001,1.0,64.21113586425781,3943.766175678001
110.7157,36.15275,1.0,224.43402099609366,4002.6770231749997
110.771,19.74459,1.5,228.6164703369141,2187.1279788899997
110.782798767,32.652130127000106,19.764705882352946,11.177044868469238,3617.294361173351
110.8759,26.91525,5.533333333333332,57.813453674316406,2984.252567475
110.9509,22.01601,2.0,134.49763488769528,2442.696123909
110.9909,23.48172000000001,1.25,200.8524932861328,2606.257236348001
111.0727,35.18812,1.3333333333333333,60.59979629516602,3908.4394963239997
111.1065,34.36358,1.0,315.9872131347656,3818.01710127
111.1603,35.62573,2.0,51.27252197265625,3960.166834519
111.2388,34.88375,2.0,125.0997314453125,3880.4264894999997
111.2616,37.683640000000004,1.5,365.3766479492188,4192.742080224
111.28527069100001,30.703952789000105,29.4375,15.473525047302244,3416.8976974075613
111.3626,24.36175,1.3333333333333333,156.64923095703125,2712.98782055
111.3768,36.22827,1.0,110.61265563964844,4034.9887821360003
111.4963,40.5971,5.0,208.2534027099609,4526.42644073
111.5202,29.30245,4.6923076923076925,481.8114013671875,3267.81508449
111.5766,42.29795,1.5,427.150634765625,4719.46144797
111.6133,27.73964,3.7647058823529416,248.26353454589844,3096.112761212
111.6247,37.11185,1.0,116.38744354248048,4142.599122695
111.6267,40.7253,1.0,86.44173431396484,4546.030845509999
111.6319,35.49273,1.0,96.18264770507812,3962.120886087
111.6876297,29.038209915,3.565217391304348,42.31226348876953,3243.2088361373885
111.7063,27.63327,29.0,182.4183807373047,3086.810348601
111.7296,25.779320000000002,3.8,168.390625,2880.3131118720003
111.7726,22.037689999999998,2.1666666666666665,167.72024536132812,2463.2099092939998
111.8479,40.95981,2.0,374.3521423339844,4581.268732899
111.9083,40.76903,1.0,71.9661865234375,4562.392839949
111.9523,28.576829999999998,3.636363636363636,150.5861358642578,3199.2418452089996
111.9823,43.67392,1.0,507.9654846191406,4890.706011616
112.0323,34.2936,2.125,363.0220642089844,3841.99088328
112.0444,32.68081,1.0,49.68226623535156,3661.701747964
112.200210571,31.030216217000106,28.285714285714285,114.43712615966795,3481.596793611071
112.2026,23.54164,2.0,86.44444274902344,2641.4332162640003
112.2527,37.14121,3.0,66.53441619873047,4169.201103767
112.2833,33.04534,8.4,113.74970245361328,3710.4398248220004
112.3012,37.62392,10.666666666666666,4.85435676574707,4225.211364704
112.3157,37.96001,1.0,147.69984436035156,4263.505095157
112.3487,35.42084000000001,1.0,196.8192901611328,3979.4853269080013
112.3645,35.74579,1.0,101.45996856689452,4016.557820455
112.3904,37.86721,2.0,24.197479248046875,4255.910878784
112.3926,35.099909999999994,1.25,120.1556167602539,3944.970144665999
112.4382,41.7009,3.0,796.8648681640625,4688.77413438
112.5737,26.796020000000002,3.3076923076923075,63.8873176574707,3016.5271166740004
112.6022,27.73204,2.142857142857143,161.1822967529297,3122.688714488
112.6405,39.61984,2.0,452.7261962890625,4462.79858752
112.6714,22.28417,1.9,178.65208435058594,2510.7886317380003
112.7069,35.61116,1.0,44.781009674072266,4013.623449004
112.7377,36.33671,1.0,225.67254638671875,4096.517110967
112.8001,34.15829,1.0,78.92924499511719,3853.058527829
112.8594,35.46545,1.0,22.278818130493164,4002.6094077299995
112.8749,24.31602,1.8333333333333333,326.88226318359375,2744.668325898
112.9151,36.47742,1.0,233.3901214599609,4118.851527042
112.9444,23.0131,4.375,231.56668090820312,2599.2007716400003
112.962,37.328829999999996,3.0,100.93914031982422,4216.73929446
113.0108,33.796859999999995,3.8333333333333335,37.22020721435547,3819.4101860879996
113.0816,36.2784,1.0,95.96097564697266,4102.419517439999
113.1163,29.37227,2.0,7.898406505584718,3322.482505001
113.1311,35.11887,1.8888888888888888,84.23628234863281,3973.0363938570003
113.1376,25.81815,2.1538461538461537,50.13611221313477,2921.00352744
113.1532,28.22759000000001,12.235294117647056,49.08102035522461,3194.0421367880012
113.25399999999999,29.0682,6.5555555555555545,106.52957153320312,3292.0899228
113.2818,40.0828,1.0,46.29766464233398,4540.65173304
113.2994,29.52133,1.0,57.59896087646485,3344.748976202
113.3478,38.22273,1.0,255.38961791992188,4332.462355494
113.361,22.16925,5.0588235294117645,85.70002746582031,2513.12834925
113.3859,22.52105,3.5384615384615383,63.97933578491211,2553.569523195
113.4305,23.35183,60.0,144.77105712890625,2648.8097528149997
113.46799999999999,34.62931,6.421052631578947,177.9870147705078,3929.3185470799995
113.4968,38.06465,1.0,31.131305694580078,4320.21596812
113.5115,29.49117,1.0,79.93605041503906,3347.586943455
113.5158,27.12398,4.0,213.35205078125,3079.000288884
113.5364,23.349829999999997,14.578947368421053,92.86444091796876,2651.055638812
113.5622,37.84235,1.0,3.0520997047424316,4297.46051917
113.6136,33.90335,35.5,84.74356842041016,3851.8816455600004
113.7089,34.07273,2.363636363636364,13.0645112991333,3874.372648297
113.7186,39.9064,1.0,425.5964660644531,4538.099939039999
113.7218,27.506990000000002,1.0,192.79083251953125,3128.1444153820003
113.7723,24.82198,1.4,323.6751403808594,2824.053755154
113.8738,22.93336,4.333333333333333,40.27711486816406,2611.508849968
113.8999,33.65542,3.0,74.80427551269531,3833.348972458
113.9029,27.51356,2.4545454545454546,48.82322311401367,3133.8742733239997
113.91133117700001,30.92845535300011,95.08108108108108,80.90718841552734,3523.101520508654
114.06331200000001,22.3445126,1.0,13.054302215576172,2548.6891121817316
114.084,35.26547,7.0769230769230775,74.91191864013672,4023.22587948
114.12200000000001,22.406999999999996,1.0,7.040039539337157,2557.131654
114.1291,22.65389,17.0,51.93717575073242,2585.4680771989997
114.1324,22.38074,2.0,6.430083751678468,2554.367569976
114.133808,22.3650193,1.0,5.719207286834718,2552.6048187024944
114.1498,41.97032,1.5,209.30589294433602,4790.903633936
114.1505,32.92419,7.769230769230768,69.58762359619139,3758.312750595
114.164553,22.388813600000002,1.0,6.430083751678468,2556.008896844321
114.16524799999999,22.2773596,1.0,2.460171699523926,2543.3002835191805
114.18611999999999,22.319751,1.0,11.707540512084961,2548.6057660561196
114.18706100000001,22.304412699999997,1.0,11.707540512084961,2546.8753335440747
114.187767,22.319557999999997,1.0,11.707540512084961,2548.6204884469857
114.188121,22.2826304,1.0,6.080691337585449,2544.411696313478
114.206868,22.2859106,1.0,6.080691337585449,2545.204050154001
114.207664,22.2333433,1.0,8.138249397277832,2539.218201203051
114.225,22.315,1.0,16.174186706542972,2548.930875
114.234404,22.30798900000001,1.0,16.174186706542972,2548.339827853557
114.26873779299999,29.8943271640001,33.53846153846154,84.1539535522461,3415.9870322012844
114.291938782,30.5675144200001,1095.888888888889,9.913750648498537,3493.620486808554
114.3093,35.72307,2.0,49.13146591186523,4083.479125551
114.3278,44.48038,3.0,511.0970153808594,5085.343988563999
114.3525,35.87894,3.1538461538461537,21.19197654724121,4102.84648635
114.4384,38.13361,2.6666666666666665,35.09415054321289,4363.949314624
114.4983,23.24435,3.2666666666666666,133.48431396484378,2661.438559605
114.5375,34.6068,1.9,71.92052459716797,3963.776355
114.5421,36.55381,2.3,38.80736923217773,4186.950160401
114.6612,35.46624,1.0,59.88608169555664,4066.6016378879995
114.7549,35.21723,1.0,62.42487335205078,4041.349706927
114.8155,37.21327,2.5,45.93285751342773,4272.660201685
114.8248,26.97535,1.7272727272727273,52.04891586303711,3097.43916868
114.8515,27.84546,6.8125,163.29129028320312,3198.09284919
114.8773,33.723859999999995,4.266666666666667,45.3980941772461,3874.1059823779997
114.881187439,30.40276718100009,39.74285714285714,49.87799835205078,3492.705995184749
114.8834,32.08258,12.545454545454545,238.3580017089844,3685.755871172
114.9369,32.779759999999996,1.0,35.16636276245117,3767.6039971439995
114.9579,24.046529999999997,1.0,216.12173461914062,2764.3385910869997
114.9732,28.30755,5.375,181.65939331054688,3254.60960766
115.0351,40.87393,2.571428571428572,81.22679138183594,4701.936624943
115.074989319,30.213798523,31.90625,12.020071983337402,3476.852542320643
115.1701,39.02267,2.625,71.92191314697266,4494.244806167
115.2745,25.71368,5.833333333333332,65.02736663818361,2964.13160516
115.2794,35.80833,2.6666666666666665,14.2341890335083,4127.9627974019995
115.3716,33.88942,1.0,264.51470947265625,3909.876608472
115.4418,29.3255,6.875,157.5745086669922,3385.3885059000004
115.5411,23.0011,1.0,134.55758666992188,2657.57239521
115.5438,44.24353,1.25,670.6533813476562,5112.065581614001
115.6914,35.15343,2.0,136.47447204589844,4066.949531502
115.6977,34.28974,5.75,105.5983657836914,3967.244051598
115.6979,32.13325,2.0,143.2801971435547,3717.7495451749996
115.7036,32.9188,5.428571428571429,97.54000091552734,3808.8236676799993
115.8236,37.76365,1.6,40.11439514160156,4373.92189214
115.8797,36.457609999999995,1.0,85.76801300048828,4224.696909517
115.8952,36.44981,1.5,85.76801300048828,4224.358019912
116.0257,28.66149,10.421052631578947,23.58849906921387,3325.469440293
116.0288,35.27391,1.0,86.21595764160156,4092.7894486080004
116.0807,24.20478,1.3333333333333333,64.44570159912111,2809.707805746
116.1108,34.73318,1.0,140.96176147460938,4032.8973163439996
116.1185,23.33707,1.75,48.69180297851562,2709.865562795
116.1236,44.07095,1.0,459.841796875,5117.67736942
116.1246,25.13598,1.0,175.75672912597656,2918.905623108
116.152,39.603320000000004,1.0,183.5637359619141,4600.00482464
116.1737,39.92715,1.0,38.26565551757813,4638.484745954999
116.1808,33.43671,6.2666666666666675,46.8335075378418,3884.703717168
116.2063,40.20789,2.0,49.58916091918945,4672.410127706999
116.2285,40.02186,2.5,35.58824157714844,4651.680755009999
116.2425,30.10472,6.0,127.73533630371094,3499.4479146000003
116.2499,39.8306,2.0,37.18235778808594,4630.30326694
116.3151,31.75941,2.9444444444444446,73.28382110595703,3694.098950091
116.3187,33.96738,2.5,54.37777709960938,3951.0414840060002
116.3359,35.96215,1.0,78.54269409179688,4183.689086185
116.3591,39.91093,2.1666666666666665,13.460789680480955,4643.999894963
116.4106,39.91129,1.5,7.232398509979247,4646.097215674
116.4151,40.18535,12.5,37.83733367919922,4678.181538785
116.4172,39.642379999999996,2.0,70.4177474975586,4615.054880935999
116.4344,27.51128,4.0625,692.2891235351562,3203.2593800319996
116.4853,42.18977,2.0,182.67372131347656,4914.488015381
116.4944,35.70984,1.0,3.343097686767578,4159.996384896
116.5128,39.94612,4.666666666666667,15.900747299194336,4654.234290336
116.5411,30.755020000000002,1.0,371.0946960449219,3584.223861322
116.5856,23.334329999999998,2.6666666666666665,75.36951446533203,2720.4468636479996
116.5956,30.61122,3.928571428571429,92.54463958740234,3569.133562632
116.6081,28.218759999999996,1.0,69.93035888671875,3290.535987955999
116.6264,39.25678,2.125,148.8897247314453,4578.376926992
116.6525,37.24178,3.5,155.77821350097656,4344.34674145
116.6667,26.30745,1.0,108.43463134765624,3069.2033769150003
116.6771,30.24028,1.0,116.43509674072266,3528.3481735879996
116.7332,35.37464,3.1666666666666665,65.12563323974611,4129.394926047999
116.734,32.75738,2.5,49.3019027709961,3823.8999969199995
116.7363,39.80292,3.0,104.186279296875,4646.445609996
116.7403,25.294729999999998,2.0,138.69039916992188,2952.914368619
116.7424,33.72722,2.090909090909091,15.22605037689209,3937.3966081280005
116.7593,38.26855,2.6,33.311824798583984,4468.209110014999
116.7739,23.79656,1.5,64.58661651611328,2778.817117784
116.7904,36.42273,1.0,90.60954284667969,4253.825205792
116.8021,37.67882,1.0,8.284040451049805,4400.965301522
116.8144,24.75887,1.0,138.06082153320312,2892.192543728
116.9416,30.96895,1.0,43.544105529785156,3621.55856332
116.9669,36.5767,3.0,25.58337593078613,4278.26321123
116.98899999999999,40.52377,1.0,100.47335815429688,4740.835328529999
117.0194,35.60996,1.0,48.18556213378906,4167.056153224
117.0201,31.72762,1.0,272.0404663085937,3712.769265162
117.0385,36.00093,1.6666666666666667,176.36221313476562,4213.494845804999
117.0851,36.734140000000004,2.4285714285714284,19.9084415435791,4301.020455314
117.0907,36.65325,3.0,28.579814910888672,4291.754699775
117.1077,28.224659999999997,1.8333333333333333,69.43166351318361,3305.325015881999
117.1328,37.66758,1.0,86.37100219726562,4412.1091146240005
117.1352,35.0602,1.0,43.0682258605957,4106.7835390400005
117.1614,32.2842,1.0,94.13330841064452,3782.46206988
117.1894,31.92046,2.0,38.25884246826172,3740.739555124
117.1946,36.2139,1.0,111.03299713134766,4244.07352494
117.2001,31.82562,1.3333333333333333,16.20870590209961,3729.9658465620005
117.2092,33.860859999999995,2.2857142857142856,141.6500244140625,3968.8043119119993
117.22484399999999,31.828313,2.0,16.900545120239258,3731.0690262081716
117.2708,29.30999000000001,1.0,15.91261386871338,3437.205975292001
117.3168,25.9165,1.0,124.6276626586914,3040.4408472
117.32,31.269679999999997,1.6666666666666667,83.84239196777344,3668.5588575999996
117.32600000000001,33.10901,7.294117647058822,115.11289978027344,3884.54770726
117.326029,31.8947345,4.0,27.31025695800781,3742.0825448943006
117.3319,31.77863,1.0,33.835739135742195,3728.647037297
117.3333,39.297129999999996,4.076923076923077,122.9845199584961,4610.861943428999
117.3384,31.89544,1.25,20.241912841796875,3742.559896896
117.3428,31.79444,6.4444444444444455,22.54091835021973,3730.848614032
117.3658,30.28525,1.1428571428571428,164.7936553955078,3554.45259445
117.3892,26.729779999999998,1.0,280.3106689453125,3137.787490376
117.3919,34.916509999999995,2.0,88.587158203125,4098.915450269
117.3972,26.300829999999998,2.0,63.74892044067383,3087.6437996759996
117.4002,39.60828,1.5,234.61456298828125,4650.019993656
117.4428,24.37045,3.0,360.8101501464844,2862.13388526
117.4692,28.77693,7.2857142857142865,186.5855865478516,3380.402945556
117.4943,49.53241,1.0,118.5694580078125,5819.775840263
117.5145,34.3568,4.214285714285714,70.00299835205078,4037.4221736
117.5457,41.35324,1.0,167.79736328125,4860.895543068
117.5661,37.36909,1.0,52.27550888061523,4393.338171849
117.5681,32.00123,1.6,29.869319915771484,3762.323808763
117.5912,34.71065,1.0,55.70653915405274,4081.66698628
117.6048,35.89409000000001,1.0,64.67158508300781,4221.317275632002
117.6105,24.601029999999998,1.6,29.111204147338878,2893.339438815
117.7166,31.646959999999996,1.0,66.88005828857422,3725.3725315359998
117.7956,24.39413,1.0,70.86693572998047,2873.5211798279997
117.8074,26.44404,1.5,38.25748062133789,3115.303597896
117.82700000000001,37.502109999999995,1.75,46.34818649291992,4418.76111497
117.8621,26.90625,1.0,181.9986724853516,3171.227128125
117.8965,30.944670000000002,2.083333333333333,91.74231719970705,3648.2682866550003
117.9998,27.74553,1.0,204.84979248046875,3273.9669908939995
118.0154,24.64094,1.0,24.82939910888672,2908.010390476
118.0508,36.60405,1.3333333333333333,129.76690673828122,4321.13738574
118.0561,27.4057,1.0,159.24073791503906,3235.41005977
118.0657,36.80833,2.0,20.803857803344727,4345.801247281
118.0713,29.90755,2.25,83.25421142578125,3531.223308315
118.0971,43.76347,1.0,517.5573120117189,5168.338892936999
118.1027,32.545429999999996,1.3333333333333333,124.22440338134766,3843.7031556609995
118.1138,24.67595,2.4285714285714284,11.92802619934082,2914.57022311
118.1285,31.14997,2.7777777777777777,57.32494735717771,3679.699231145
118.1296,25.39241,1.0,6.063644886016848,2999.595236336
118.1433,27.34152000000001,3.5,205.5914459228516,3230.217399816001
118.1603,36.35919000000001,18.444444444444443,153.41392517089844,4296.212798157002
118.2433,26.58755,1.5,38.9902572631836,3143.7996509150003
118.2574,25.21145,2.6,64.99513244628906,2981.44052723
118.2809,35.31235,4.5,155.2963104248047,4176.776539115001
118.2886,36.84829000000001,1.0,42.73872756958008,4358.732636494002
118.3354,39.72276,2.9090909090909087,49.416847229003906,4700.608693704
118.35600000000001,31.62885,2.727272727272727,26.511857986450195,3743.4641706
118.3777,25.01462,1.6,112.8364486694336,2961.1731819740003
118.5051,35.12195,1.0,34.65545654296875,4162.130196945
118.5128,27.9424,1.0,6.0018863677978525,3311.53206272
118.5202,33.786809999999996,1.1111111111111112,98.30472564697266,4004.4194785619998
118.5443,24.729689999999998,2.4,66.39118957519531,2931.563790267
118.5449,24.91283,1.0,46.32024383544922,2953.288941067
118.5969,35.90842,1.0,50.55103302001953,4258.627295898
118.618,24.921429999999997,1.0,37.14064025878906,2956.1301837399997
118.633,42.38503,1.0,258.6395874023437,5028.26326399
118.67399999999999,28.9356,2.4,95.47881317138672,3433.9033944
118.6935,25.46516,2.0,337.1597595214844,3022.54896846
118.7543,27.608109999999996,1.3333333333333333,357.8910827636719,3278.5817773729996
118.7675,26.2097,1.0,348.6620178222656,3112.86054475
118.8018,24.99057,1.0,32.2181396484375,2968.9246990260003
118.8424,31.92997,4.1875,9.13162899017334,3794.634266728
118.8534,30.68815,1.25,393.7776794433594,3647.39096721
118.8683,26.61637,2.6666666666666665,140.25028991699222,3163.842654071
118.8826,43.226259999999996,2.0,82.59745788574219,5138.850177075999
118.8892,25.45184,4.25,60.31568908691406,3025.9488961280003
118.9257,25.41917,2.571428571428572,47.06013107299805,3022.992585669
118.9601,27.32212,1.0,185.9351043701172,3250.242127412
118.9639,33.357009999999995,3.294117647058824,39.08502960205078,3968.2800019389992
119.0533,25.603379999999998,1.0,180.42579650878903,3048.1668801539995
119.054565,29.091673999999998,27.0,87.89971160888672,3463.4965931918096
119.0713,36.55315,1.4,109.60671997070312,4352.431089595
119.0789,25.39559,1.75,3.394855737686157,3024.078922051
119.1325,34.534,2.5,26.522714614868164,4114.121754999999
119.1358,35.58324,1.4285714285714286,222.3253631591797,4239.2377639920005
119.1364,36.683440000000004,2.0,19.148378372192386,4370.332981216
119.1789,26.05196,3.0,42.252689361572266,3104.843935644
119.1835,40.09067,1.0,282.8160705566406,4778.146367945
119.1945,25.23526,1.0,58.101417541503906,3007.9041980700003
119.2411,42.96581,2.0,110.00909423828124,5123.290446791
119.2797,26.09591,1.0,117.44754028320312,3112.7123160270003
119.3006,26.22387,2.0,309.7365417480469,3128.523425322
119.3016,27.09157,2.0,123.97962951660156,3232.067647512
119.324,26.017120000000002,2.5,25.27579498291016,3104.46682688
119.3656,25.631429999999998,1.6666666666666667,120.8191909790039,3059.511020808
119.3701,35.46201,1.0,90.9712371826172,4233.103679901
119.4537,32.01638,1.5,91.52025604248048,3824.475051606
119.4564,32.9902,5.0,105.00595092773438,3940.8905272800002
119.4715,29.901659999999996,9.705882352941176,152.00978088378906,3572.3961726899997
119.4729,32.73976,1.9090909090909087,147.39439392089844,3911.5140725039996
119.4745,26.976740000000003,2.333333333333333,138.97377014160156,3223.0325231300008
119.5133,28.20076,2.2857142857142856,141.54283142089844,3370.365890108
119.55,26.301940000000002,3.0,266.55874633789057,3144.3969270000002
119.5504,25.91169,1.4,41.00554656982422,3097.752904176
119.6369,31.62592,2.7333333333333334,187.20013427734366,3783.627028448
119.8686,30.74578,1.6666666666666667,360.3272399902344,3685.453604508
119.9524,29.117459999999998,4.454545454545454,375.91351318359375,3492.7092089039998
119.9801,26.866259999999997,1.0,41.86203384399414,3223.4165614259996
120.0166,41.51421,2.571428571428572,246.6070556640625,4982.394335886
120.0575,32.57248,2.7,159.88035583496094,3910.5705176
120.0767,31.52812,2.5625,56.54081344604492,3785.792606804
120.1436,36.454840000000004,2.9,80.11576843261719,4379.815715024
120.1736,33.52337,2.125,35.503570556640625,4028.6240570319997
120.1972,40.62562,2.833333333333333,136.21185302734378,4883.085772263999
120.3645,36.11189,1.0,8.087828636169434,4346.589583905001
120.4195,36.18703,1.0,6.900932312011719,4357.624059085
120.4404,27.905379999999997,27.38888888888889,96.35675811767578,3360.9351293519994
120.63600000000001,29.7353,3.083333333333333,565.2018432617188,3587.1476508
120.6418,31.37802000000001,4.533333333333333,119.1661376953125,3785.5008132360012
120.7506,29.58788,2.5,217.8044586181641,3572.754262728
120.7547,30.63995,3.071428571428572,167.9541015625,3699.917970265
120.8051,37.24217,3.1666666666666665,176.96450805664062,4499.044071067
121.0053,32.1975,2.2857142857142856,84.4901123046875,3896.06814675
121.0784,31.12558,1.0,153.2947235107422,3768.635425472
121.1116,28.775,8.4,101.8446273803711,3484.98629
121.2152,31.015390000000004,1.0,27.10827827453613,3759.536701928
121.2179,49.71785,1.6666666666666667,151.06593322753906,6026.693369515
121.2389,31.359790000000004,1.0,47.55784606933594,3802.0264438310005
121.3684,46.24366,1.0,273.89361572265625,5612.519024343999
121.3757,31.209459999999996,1.0,21.324880599975586,3788.0700541219994
121.414,31.08938,1.5,6.945561408996582,3774.6859833199997
121.4345,31.16504,1.5,15.029979705810547,3784.51104988
121.447,31.2701,2.0,26.893857955932607,3797.6598347
121.4555,31.2045,12.8125,15.828121185302734,3789.95814975
121.4792,29.711470000000002,10.1875,105.99836730957031,3609.3256064240004
121.4809,31.279009999999996,2.0,29.739973068237305,3799.8022859089997
121.4995,49.32259000000001,1.0,907.7451782226562,5992.670023705002
121.5244,31.301579999999998,1.0,38.06889724731445,3803.905728552
121.5517,30.911109999999997,1.0,87.41551971435547,3757.2979693869997
121.5555,43.84315,1.0,139.76466369628906,5329.376019825
121.6189,41.47081,3.1428571428571432,80.39781188964844,5043.634294309
121.7257,31.10622,2.5,116.07593536376952,3786.426403854
121.9557,42.2807,4.0,120.2857666015625,5156.37236499
121.9821,37.12174,2.0,77.65157318115234,4528.187800854001
121.9994,41.085770000000004,3.8571428571428568,79.83279418945312,5012.439288538
122.0687,46.1087,1.0,38.05745315551758,5628.42906769
122.1156,37.43303,1.5,111.10150146484376,4571.1569182680005
122.2224,39.59944,4.875,83.85062408447266,4839.938595456
122.4655,40.39262,1.0,143.46803283691406,4946.7024046100005
123.0077,40.7196,1.0,127.71815490722656,5008.82434092
123.1391,42.100120000000004,6.5,74.81221008300781,5184.170886692001
123.2453,41.18291,1.4,40.762393951416016,5075.600097823
123.4396,45.94814,1.0,83.12104797363281,5671.820022344
123.6956,43.759479999999996,1.0,229.3750305175781,5412.855134287999
124.1707,42.64676,2.25,34.94419479370117,5295.4780419319995
124.3406,43.18539000000001,1.6666666666666667,52.57519912719727,5369.697303834001
124.4043,40.54612,3.8,338.755126953125,5044.111676316001
124.4603,49.096509999999995,1.0,1240.773193359375,6110.566363553
124.4702,43.57227,2.0,109.68887329101562,5423.449161354
124.4795,44.80382,1.0,251.9139404296875,5577.15711169
124.5514,47.70894000000001,2.0,38.86490249633789,5942.215269516001
124.5703,41.22937,2.25,235.60780334472656,5135.954989711
124.6729,43.78353,2.0,135.48577880859378,5458.619657337
124.699,46.35607,2.0,35.69662094116211,5780.55557293
125.01310600000001,43.8880385,1.0,68.14075469970703,5486.580009132582
125.1516,43.86477,1.0,38.28600311279297,5489.746149132
125.1521,42.85802,1.5,29.5447998046875,5363.771204842001
125.1762,42.94445,1.0,11.015569686889648,5375.6230620900005
125.25923999999999,43.8296097,1.0,17.618654251098633,5490.063600518627
125.2753,43.63143,2.0,56.05842208862305,5465.9404826790005
125.3049,42.81178,6.0,44.76689910888672,5364.525811722
125.345846,43.8402475,1.0,3.173446655273437,5495.1929117368845
125.412405,43.8479468,1.0,7.741848468780518,5499.076462500055
125.425436,43.830236799999994,3.0,16.414405822753903,5497.426560623245
125.427811,43.8813038,1.0,14.579105377197266,5503.935879459982
125.4418,42.67554000000001,2.0,24.297346115112305,5353.296553572001
125.7108,42.53434,1.0,53.12581253051758,5347.025908872
125.76899999999999,44.38803,3.25,291.4577941894531,5582.63814507
125.9505,41.96159,1.0,234.9005584716797,5285.083241295
125.9723,44.201609999999995,1.0,127.96495056152344,5568.1784754029995
125.9869,41.24388,2.0,435.6842956542969,5196.188585172
126.16799999999999,43.70033,2.0,131.7664794921875,5513.58323544
126.3363,44.06026,1.0,170.76414489746094,5566.4102254379995
126.6487,46.90084,3.5,126.39234161376952,5939.930414908001
126.6818,43.66168,1.0,62.54290008544922,5531.140213424
126.8481,43.58859,1.0,249.5968017578125,5529.129823179001
126.98,49.281859999999995,3.0,688.6296997070312,6257.8105828
127.6804,48.03987,22.1,285.3590087890625,6133.7498175480005
127.9588,45.646570000000004,2.6666666666666665,187.08644104003903,5840.880321316
129.1295,43.14674,1.0,185.91964721679688,5571.516962830001
129.4579,43.051,1.0,625.2822875976562,5573.2920529
129.8858,44.6065,1.0,139.39164733886722,5793.750937699999
130.9703,45.91117,2.0,70.4762191772461,6012.999708251
132.2524,47.2681,2.5,153.9364013671875,6251.319668439999
132.2899,45.63347,1.0,96.61454010009766,6036.847182953
132.5464,46.682809999999996,5.0,652.1919555664062,6187.638407384
